Country,Year,Total Population,Urban Population,Rural Population,Population Density,Life Expectancy,Birth Rate,Death Rate,Fertility Rate,Infant Mortality Rate,Growth Rate
Afghanistan,2017,-,-,-,55,63.0,37.342,7.027,5.129,49.4,-
Afghanistan,2018,"36,686,784","9,353,296","27,333,488",56,63.0,36.927,6.981,5.002,47.8,3.0
Afghanistan,2019,"37,769,499","9,727,157","28,042,342",58,64.0,36.466,6.791,4.87,46.3,3.0
Afghanistan,2020,"38,972,230","10,142,913","28,829,317",60,63.0,36.051,7.113,4.75,44.8,3.0
Afghanistan,2021,"40,099,462","10,551,772","29,547,690",-,62.0,35.842,7.344,4.643,43.4,3.0
Albania,2017,-,-,-,105,79.0,10.87,8.15,1.491,8.3,-
Albania,2018,"2,866,376","1,728,969","1,137,407",105,79.0,10.517,8.308,1.44,8.3,0.0
Albania,2019,"2,854,191","1,747,593","1,106,598",104,79.0,10.343,8.48,1.414,8.4,0.0
Albania,2020,"2,837,849","1,762,645","1,075,204",104,77.0,10.285,10.785,1.4,8.4,-1.0
Albania,2021,"2,811,666","1,770,478","1,041,188",-,76.0,10.24,11.325,1.39,8.4,-1.0
Algeria,2017,-,-,-,17,76.0,24.755,4.542,3.05,21.0,-
Algeria,2018,"41,927,007","30,451,166","11,475,841",18,76.0,24.074,4.482,3.023,20.6,2.0
Algeria,2019,"42,705,368","31,255,632","11,449,736",18,76.0,23.298,4.392,2.988,20.1,2.0
Algeria,2020,"43,451,666","32,038,217","11,413,449",18,74.0,22.431,5.398,2.942,19.6,2.0
Algeria,2021,"44,177,969","32,807,002","11,370,967",-,76.0,21.524,4.546,2.889,19.2,2.0
American Samoa,2018,"48,424","42,203","6,221",242,-,0.0,0.0,-,-,-2.0
American Samoa,2019,"47,321","41,239","6,082",237,-,0.0,0.0,-,-,-2.0
American Samoa,2020,"46,189","40,255","5,934",231,-,12.7,5.6,-,-,-2.0
American Samoa,2021,"45,035","39,257","5,778",-,-,0.0,0.0,-,-,-3.0
Andorra,2018,"75,013","66,058","8,955",160,-,7.2,4.4,-,2.9,2.0
Andorra,2019,"76,343","67,170","9,173",162,-,7.0,3.9,-,2.8,2.0
Andorra,2020,"77,700","68,311","9,389",165,-,0.0,0.0,-,2.7,2.0
Andorra,2021,"79,034","69,438","9,596",-,-,0.0,0.0,-,2.6,2.0
Angola,2017,-,-,-,24,62.0,40.81,8.242,5.6,53.8,-
Angola,2018,"31,273,533","20,488,542","10,784,991",25,62.0,40.236,7.99,5.519,52.0,3.0
Angola,2019,"32,353,588","21,410,634","10,942,954",26,62.0,39.725,7.811,5.442,50.4,3.0
Angola,2020,"33,428,486","22,338,586","11,089,900",27,62.0,39.271,7.821,5.371,48.7,3.0
Angola,2021,"34,503,774","23,276,246","11,227,528",-,62.0,38.809,8.009,5.304,47.2,3.0
Antigua And Barbuda,2017,-,-,-,207,78.0,11.789,5.746,1.485,6.0,-
Antigua And Barbuda,2018,"91,626","22,539","69,087",208,79.0,10.816,5.787,1.371,5.7,1.0
Antigua And Barbuda,2019,"92,117","22,574","69,543",209,79.0,11.485,5.865,1.468,5.5,1.0
Antigua And Barbuda,2020,"92,664","22,641","70,023",211,79.0,12.16,5.961,1.569,5.3,1.0
Antigua And Barbuda,2021,"93,219","22,727","70,492",-,78.0,12.115,6.365,1.58,5.2,1.0
Argentina,2017,-,-,-,16,77.0,16.206,7.692,2.168,9.1,-
Argentina,2018,"44,494,502","40,877,099","3,617,403",16,77.0,15.187,7.68,2.039,8.4,1.0
Argentina,2019,"44,938,712","41,339,571","3,599,141",16,77.0,14.783,7.6,1.994,7.6,1.0
Argentina,2020,"45,376,763","41,796,990","3,579,773",17,76.0,14.125,8.509,1.911,6.8,1.0
Argentina,2021,"45,808,747","42,248,949","3,559,798",-,75.0,13.902,8.955,1.885,6.1,1.0
Armenia,2017,-,-,-,100,75.0,13.606,9.664,1.562,11.6,-
Armenia,2018,"2,836,557","1,791,257","1,045,300",100,75.0,13.307,9.75,1.572,11.1,-1.0
Armenia,2019,"2,820,602","1,783,156","1,037,446",99,75.0,12.892,9.662,1.575,10.5,-1.0
Armenia,2020,"2,805,608","1,776,315","1,029,293",99,72.0,12.455,12.792,1.575,10.0,-1.0
Armenia,2021,"2,790,974","1,770,343","1,020,631",-,72.0,12.049,13.007,1.575,9.5,-1.0
Aruba,2017,-,-,-,586,76.0,11.53,8.414,1.839,-,-
Aruba,2018,"105,962","45,999","59,963",589,76.0,9.881,8.597,1.587,-,0.0
Aruba,2019,"106,442","46,351","60,091",591,76.0,9.138,8.778,1.486,-,0.0
Aruba,2020,"106,585","46,574","60,011",592,76.0,8.102,9.69,1.325,-,0.0
Aruba,2021,"106,537","46,734","59,803",-,75.0,7.193,11.235,1.18,-,0.0
Australia,2017,-,-,-,3,83.0,12.6,6.5,1.741,3.2,-
Australia,2018,"24,966,643","21,474,309","3,492,334",3,83.0,12.6,6.3,1.74,3.2,2.0
Australia,2019,"25,340,217","21,824,008","3,516,209",3,83.0,12.1,6.7,1.657,3.2,1.0
Australia,2020,"25,655,289","22,125,378","3,529,911",3,83.0,11.5,6.3,1.581,3.2,1.0
Australia,2021,"25,688,079","22,184,739","3,503,340",-,83.0,12.1,6.7,1.7,3.2,0.0
Austria,2017,-,-,-,107,82.0,10.0,9.5,1.52,2.9,-
Austria,2018,"8,840,521","5,153,759","3,686,762",107,82.0,9.7,9.5,1.47,2.9,0.0
Austria,2019,"8,879,920","5,196,085","3,683,835",108,82.0,9.6,9.4,1.46,2.9,0.0
Austria,2020,"8,916,864","5,238,479","3,678,385",108,81.0,9.4,10.3,1.44,3.0,0.0
Austria,2021,"8,955,797","5,283,472","3,672,325",-,81.0,9.6,10.3,1.48,3.0,0.0
Azerbaijan,2017,-,-,-,119,72.0,14.6,5.8,1.75,20.4,-
Azerbaijan,2018,"9,939,771","5,534,464","4,405,307",120,73.0,14.0,5.8,1.73,19.2,1.0
Azerbaijan,2019,"10,024,283","5,616,706","4,407,577",121,73.0,14.1,5.6,1.81,18.2,1.0
Azerbaijan,2020,"10,093,121","5,692,217","4,400,904",122,67.0,12.5,7.5,1.7,17.4,1.0
Azerbaijan,2021,"10,137,750","5,755,809","4,381,941",-,69.0,11.1,7.6,1.52,16.6,0.0
Bahamas,2017,-,-,-,40,74.0,11.653,6.84,1.426,11.8,-
Bahamas,2018,"401,906","333,682","68,224",40,74.0,11.566,6.935,1.412,11.7,1.0
Bahamas,2019,"404,557","336,316","68,241",40,71.0,11.487,7.943,1.398,15.4,1.0
Bahamas,2020,"406,471","338,367","68,104",41,73.0,11.49,8.076,1.394,11.5,0.0
Bahamas,2021,"407,906","340,051","67,855",-,72.0,11.445,8.986,1.389,11.4,0.0
Bahrain,2017,-,-,-,"1,868",80.0,14.506,2.039,2.006,6.2,-
Bahrain,2018,"1,487,340","1,328,001","159,339","1,907",80.0,13.818,1.992,1.93,6.1,2.0
Bahrain,2019,"1,494,188","1,335,714","158,474","1,908",80.0,13.198,2.0,1.857,6.1,0.0
Bahrain,2020,"1,477,469","1,322,423","155,046","1,882",79.0,12.621,2.239,1.832,6.0,-1.0
Bahrain,2021,"1,463,265","1,311,407","151,858",-,79.0,11.926,2.479,1.811,5.9,-1.0
Bangladesh,2017,-,-,-,"1,243",72.0,18.495,5.442,2.043,28.1,-
Bangladesh,2018,"163,683,958","59,960,707","103,723,251","1,257",73.0,18.462,5.241,2.04,26.7,1.0
Bangladesh,2019,"165,516,222","61,911,343","103,604,879","1,272",73.0,18.35,5.28,2.031,25.3,1.0
Bangladesh,2020,"167,420,951","63,916,296","103,504,655","1,286",72.0,18.053,5.816,2.003,24.1,1.0
Bangladesh,2021,"169,356,251","65,957,486","103,398,765",-,72.0,17.821,5.68,1.981,22.9,1.0
Barbados,2017,-,-,-,649,77.0,10.952,8.85,1.615,12.5,-
Barbados,2018,"279,688","87,114","192,574",650,77.0,10.913,8.927,1.619,12.1,0.0
Barbados,2019,"280,180","87,298","192,882",652,77.0,10.885,8.91,1.623,11.7,0.0
Barbados,2020,"280,693","87,551","193,142",653,77.0,10.859,8.973,1.628,11.4,0.0
Barbados,2021,"281,200","87,864","193,336",-,78.0,10.832,9.007,1.633,11.1,0.0
Belarus,2017,-,-,-,47,74.0,10.8,12.6,1.541,2.7,-
Belarus,2018,"9,438,785","7,418,413","2,020,372",47,74.0,9.9,12.7,1.448,2.5,0.0
Belarus,2019,"9,419,758","7,445,754","1,974,004",46,74.0,9.3,12.8,1.382,2.4,0.0
Belarus,2020,"9,379,952","7,455,467","1,924,485",46,72.0,9.47,16.553,1.474,2.2,0.0
Belarus,2021,"9,302,585","7,433,696","1,868,889",-,72.0,9.283,16.544,1.483,2.1,-1.0
Belgium,2017,-,-,-,376,81.0,10.5,9.6,1.65,3.4,-
Belgium,2018,"11,427,054","11,198,627","228,427",377,82.0,10.4,9.7,1.62,3.4,0.0
Belgium,2019,"11,488,980","11,263,911","225,069",379,82.0,10.2,9.5,1.6,3.4,1.0
Belgium,2020,"11,538,604","11,316,947","221,657",381,81.0,9.9,11.0,1.55,3.4,0.0
Belgium,2021,"11,592,952","11,374,657","218,295",-,82.0,10.2,9.7,1.6,3.4,0.0
Belize,2017,-,-,-,16,74.0,21.129,4.712,2.36,11.8,-
Belize,2018,"382,066","174,696","207,370",17,74.0,21.015,4.74,2.345,11.2,2.0
Belize,2019,"389,095","178,462","210,633",17,74.0,18.886,4.727,2.106,10.6,2.0
Belize,2020,"394,921","181,762","213,159",17,73.0,17.881,5.244,1.999,10.1,1.0
Belize,2021,"400,031","184,818","215,213",-,70.0,17.976,6.353,2.01,9.6,1.0
Benin,2017,-,-,-,103,60.0,38.678,9.592,5.269,60.8,-
Benin,2018,"11,940,683","5,649,376","6,291,307",106,60.0,38.186,9.428,5.199,59.5,3.0
Benin,2019,"12,290,444","5,882,329","6,408,115",109,60.0,37.675,9.248,5.13,58.0,3.0
Benin,2020,"12,643,123","6,121,168","6,521,955",112,60.0,37.114,9.364,5.048,56.6,3.0
Benin,2021,"12,996,895","6,364,839","6,632,056",-,60.0,36.608,9.434,4.973,55.2,3.0
Bermuda,2017,-,-,-,"1,183",82.0,9.0,7.5,1.4,-,-
Bermuda,2018,"63,918","63,918",-,"1,184",81.0,8.3,8.3,1.3,-,0.0
Bermuda,2019,"63,911","63,911",-,"1,184",81.0,8.2,8.4,1.3,-,0.0
Bermuda,2020,"63,893","63,893",-,"1,183",81.0,8.4,8.8,1.4,-,0.0
Bermuda,2021,"63,764","63,764",-,-,79.0,7.7,11.3,1.3,-,0.0
Bhutan,2017,-,-,-,20,71.0,14.912,6.94,1.704,25.5,-
Bhutan,2018,"762,096","311,659","450,437",20,71.0,13.789,6.766,1.569,24.7,1.0
Bhutan,2019,"767,459","319,355","448,104",20,71.0,12.871,6.626,1.46,23.9,1.0
Bhutan,2020,"772,506","326,894","445,612",20,72.0,12.65,6.545,1.433,23.1,1.0
Bhutan,2021,"777,486","334,381","443,105",-,72.0,12.482,6.477,1.413,22.5,1.0
Bolivia,2017,-,-,-,11,68.0,22.986,7.107,2.777,23.5,-
Bolivia,2018,"11,606,905","8,058,094","3,548,811",11,68.0,22.634,7.124,2.73,22.6,1.0
Bolivia,2019,"11,777,315","8,217,386","3,559,929",11,68.0,22.323,7.127,2.688,21.7,1.0
Bolivia,2020,"11,936,162","8,369,995","3,566,167",11,64.0,22.056,9.3,2.651,20.9,1.0
Bolivia,2021,"12,079,472","8,513,008","3,566,464",-,64.0,21.836,9.945,2.618,20.2,1.0
Bosnia,2017,-,-,-,67,77.0,9.02,11.842,1.355,5.3,-
Bosnia,2018,"3,400,129","1,640,392","1,759,737",66,77.0,9.067,12.056,1.384,5.2,-1.0
Bosnia,2019,"3,360,711","1,634,179","1,726,532",66,77.0,8.819,12.266,1.368,5.1,-1.0
Bosnia,2020,"3,318,407","1,626,683","1,691,724",65,76.0,8.611,14.094,1.359,5.0,-1.0
Bosnia,2021,"3,270,943","1,616,664","1,654,279",-,75.0,8.42,15.712,1.35,4.8,-1.0
Botswana,2017,-,-,-,4,67.0,25.672,6.308,2.91,32.3,-
Botswana,2018,"2,451,409","1,702,405","749,004",4,65.0,25.328,6.922,2.903,30.9,2.0
Botswana,2019,"2,499,702","1,754,091","745,611",4,65.0,24.887,6.974,2.883,29.9,2.0
Botswana,2020,"2,546,402","1,804,813","741,589",4,66.0,24.195,6.95,2.836,29.0,2.0
Botswana,2021,"2,588,423","1,852,275","736,148",-,61.0,23.576,9.461,2.791,28.3,2.0
Brazil,2017,-,-,-,25,75.0,14.159,6.493,1.736,13.8,-
Brazil,2018,"210,166,592","181,939,117","28,227,475",25,75.0,14.133,6.516,1.749,13.5,1.0
Brazil,2019,"211,782,878","183,878,366","27,904,512",25,75.0,13.633,6.572,1.703,13.4,1.0
Brazil,2020,"213,196,304","185,636,418","27,559,886",26,74.0,13.078,7.42,1.649,13.1,1.0
Brazil,2021,"214,326,223","187,143,228","27,182,995",-,73.0,12.883,8.326,1.641,12.9,1.0
British Virgin Islands,2017,-,-,-,200,75.0,6.847,6.143,0.872,11.3,-
British Virgin Islands,2018,"30,335","14,477","15,858",202,76.0,7.114,5.988,0.917,10.9,1.0
British Virgin Islands,2019,"30,610","14,728","15,882",204,76.0,7.29,6.156,0.948,10.6,1.0
British Virgin Islands,2020,"30,910","14,996","15,914",206,76.0,7.448,6.38,0.976,10.3,1.0
British Virgin Islands,2021,"31,122","15,225","15,897",-,74.0,7.634,7.613,1.005,9.9,1.0
Brunei,2017,-,-,-,82,75.0,15.544,4.556,1.881,9.2,-
Brunei,2018,"434,274","337,123","97,151",82,75.0,15.05,4.7,1.848,9.4,1.0
Brunei,2019,"438,048","341,423","96,625",83,75.0,14.585,4.834,1.819,9.5,1.0
Brunei,2020,"441,725","345,650","96,075",84,75.0,14.165,4.975,1.796,9.6,1.0
Brunei,2021,"445,373","349,858","95,515",-,75.0,13.8,5.211,1.778,9.6,1.0
Bulgaria,2017,-,-,-,65,75.0,9.0,15.5,1.56,6.1,-
Bulgaria,2018,"7,025,037","5,269,340","1,755,697",65,75.0,8.9,15.4,1.56,5.8,-1.0
Bulgaria,2019,"6,975,761","5,256,027","1,719,734",64,75.0,8.8,15.5,1.58,5.6,-1.0
Bulgaria,2020,"6,934,015","5,248,079","1,685,936",64,74.0,8.5,18.0,1.56,5.4,-1.0
Bulgaria,2021,"6,877,743","5,228,804","1,648,939",-,72.0,8.5,21.7,1.58,5.3,-1.0
Burkina Faso,2017,-,-,-,72,60.0,37.898,9.113,5.162,56.9,-
Burkina Faso,2018,"20,392,723","5,986,896","14,405,827",75,60.0,37.294,8.809,5.069,55.6,3.0
Burkina Faso,2019,"20,951,639","6,281,301","14,670,338",77,60.0,36.689,8.75,4.971,54.2,3.0
Burkina Faso,2020,"21,522,626","6,587,430","14,935,196",79,60.0,36.085,8.813,4.869,53.0,3.0
Burkina Faso,2021,"22,100,683","6,904,253","15,196,430",-,59.0,35.541,8.958,4.772,51.8,3.0
Burundi,2017,-,-,-,434,62.0,38.124,7.772,5.481,42.9,-
Burundi,2018,"11,493,472","1,497,829","9,995,643",448,62.0,37.011,7.648,5.38,41.3,3.0
Burundi,2019,"11,874,838","1,587,191","10,287,647",462,62.0,36.323,7.352,5.271,40.0,3.0
Burundi,2020,"12,220,227","1,675,149","10,545,078",476,62.0,35.603,7.562,5.177,38.8,3.0
Burundi,2021,"12,551,213","1,764,450","10,786,763",-,62.0,34.842,7.474,5.078,37.6,3.0
Cabo Verde,2017,-,-,-,140,77.0,19.006,4.868,2.091,14.6,-
Cabo Verde,2018,"571,202","375,462","195,740",142,76.0,17.821,5.275,1.964,13.7,1.0
Cabo Verde,2019,"577,030","381,965","195,065",143,76.0,17.463,5.162,1.932,12.9,1.0
Cabo Verde,2020,"582,640","388,341","194,299",145,75.0,17.158,5.692,1.908,12.2,1.0
Cabo Verde,2021,"587,925","394,509","193,416",-,74.0,16.951,6.028,1.896,11.7,1.0
Cambodia,2017,-,-,-,90,71.0,21.348,5.775,2.473,24.9,-
Cambodia,2018,"16,025,238","3,747,983","12,277,255",91,71.0,20.805,5.874,2.435,23.9,1.0
Cambodia,2019,"16,207,746","3,858,254","12,349,492",92,71.0,20.28,5.947,2.402,23.0,1.0
Cambodia,2020,"16,396,860","3,973,287","12,423,573",93,70.0,19.849,6.228,2.381,22.1,1.0
Cambodia,2021,"16,589,023","4,092,180","12,496,843",-,70.0,19.334,6.838,2.344,21.3,1.0
Cameroon,2017,-,-,-,52,61.0,37.403,8.594,4.774,53.2,-
Cameroon,2018,"25,076,747","14,136,765","10,939,982",53,61.0,36.716,8.379,4.694,51.5,3.0
Cameroon,2019,"25,782,341","14,687,684","11,094,657",55,62.0,36.147,8.16,4.623,50.1,3.0
Cameroon,2020,"26,491,087","15,248,270","11,242,817",56,61.0,35.507,8.419,4.543,48.5,3.0
Cameroon,2021,"27,198,628","15,815,458","11,383,170",-,60.0,34.938,8.582,4.463,47.0,3.0
Canada,2017,-,-,-,4,82.0,10.3,7.5,1.55,4.6,-
Canada,2018,"37,065,084","30,175,056","6,890,028",4,82.0,10.1,7.7,1.51,4.6,1.0
Canada,2019,"37,601,230","30,638,234","6,962,996",4,82.0,9.9,7.6,1.47,4.5,1.0
Canada,2020,"38,007,166","30,999,405","7,007,761",4,82.0,9.5,8.1,1.41,4.5,1.0
Canada,2021,"38,226,498","31,213,082","7,013,416",-,83.0,9.6,7.8,1.43,4.4,1.0
Cayman Islands,2018,"64,884","64,884",-,270,-,9.9,3.3,-,-,2.0
Cayman Islands,2019,"66,134","66,134",-,276,-,9.8,3.9,-,-,2.0
Cayman Islands,2020,"67,311","67,311",-,280,-,12.6,3.3,-,-,2.0
Cayman Islands,2021,"68,136","68,136",-,-,-,12.4,4.0,-,-,1.0
Central African Republic,2017,-,-,-,8,54.0,41.602,11.544,6.048,81.7,-
Central African Republic,2018,"5,094,780","2,107,405","2,987,375",8,54.0,41.831,11.23,6.037,80.3,2.0
Central African Republic,2019,"5,209,324","2,175,935","3,033,389",8,55.0,41.92,10.873,6.008,78.6,2.0
Central African Republic,2020,"5,343,020","2,254,648","3,088,372",9,55.0,42.175,11.041,5.985,77.2,3.0
Central African Republic,2021,"5,457,154","2,327,367","3,129,787",-,54.0,42.68,11.393,5.978,75.4,2.0
Chad,2017,-,-,-,12,52.0,44.811,13.043,6.537,72.7,-
Chad,2018,"15,604,210","3,598,175","12,006,035",12,53.0,44.37,12.671,6.464,71.0,3.0
Chad,2019,"16,126,866","3,754,173","12,372,693",13,53.0,44.229,12.369,6.412,69.3,3.0
Chad,2020,"16,644,701","3,914,834","12,729,867",13,53.0,43.849,12.486,6.346,67.6,3.0
Chad,2021,"17,179,740","4,085,514","13,094,226",-,53.0,43.357,12.504,6.255,66.0,3.0
Channel Islands,2018,"167,259","51,706","115,553",-,81.0,9.662,8.717,1.435,-,1.0
Channel Islands,2019,"169,410","52,400","117,010",-,81.0,9.834,8.547,1.441,-,1.0
Channel Islands,2020,"171,113","52,982","118,131",-,81.0,10.011,8.474,1.447,-,1.0
Channel Islands,2021,"172,683","53,552","119,131",-,81.0,10.117,8.449,1.457,-,1.0
Chile,2017,-,-,-,25,80.0,12.13,6.139,1.598,6.5,-
Chile,2018,"18,701,450","16,375,738","2,325,712",25,80.0,11.94,6.327,1.564,6.3,2.0
Chile,2019,"19,039,485","16,686,776","2,352,709",26,80.0,11.855,6.346,1.545,6.1,2.0
Chile,2020,"19,300,315","16,931,587","2,368,728",26,79.0,11.834,7.221,1.537,5.9,1.0
Chile,2021,"19,493,184","17,118,329","2,374,855",-,79.0,11.788,7.426,1.537,5.6,1.0
China,2017,-,-,-,148,77.0,12.64,7.06,1.813,7.0,-
China,2018,"1,402,760,000","829,760,595","572,999,405",149,78.0,10.86,7.08,1.554,6.4,0.0
China,2019,"1,407,745,000","848,982,855","558,762,145",149,78.0,10.41,7.09,1.496,5.9,0.0
China,2020,"1,411,100,000","866,810,508","544,289,492",150,78.0,8.52,7.07,1.281,5.5,0.0
China,2021,"1,412,360,000","882,894,483","529,465,517",-,78.0,7.52,7.18,1.164,5.1,0.0
Colombia,2017,-,-,-,44,77.0,15.081,5.249,1.818,12.6,-
Colombia,2018,"49,276,961","39,804,944","9,472,017",44,77.0,14.841,5.311,1.787,12.2,2.0
Colombia,2019,"50,187,406","40,703,994","9,483,412",45,77.0,14.682,5.411,1.765,11.8,2.0
Colombia,2020,"50,930,662","41,470,292","9,460,370",46,75.0,14.435,6.606,1.737,11.4,1.0
Colombia,2021,"51,516,562","42,109,638","9,406,924",-,73.0,14.204,7.735,1.717,11.1,1.0
Comoros,2017,-,-,-,409,64.0,31.33,8.326,4.278,44.3,-
Comoros,2018,"776,313","224,859","551,454",417,64.0,30.859,8.235,4.196,42.9,2.0
Comoros,2019,"790,986","230,683","560,303",425,64.0,30.4,8.203,4.125,41.6,2.0
Comoros,2020,"806,166","236,852","569,314",433,64.0,29.896,8.274,4.052,40.4,2.0
Comoros,2021,"821,625","243,308","578,317",-,63.0,29.398,8.718,3.978,39.3,2.0
Costa Rica,2017,-,-,-,98,79.0,13.926,5.18,1.74,7.5,-
Costa Rica,2018,"5,040,734","3,999,318","1,041,416",99,79.0,13.562,5.276,1.709,7.4,1.0
Costa Rica,2019,"5,084,532","4,071,490","1,013,042",100,79.0,12.847,5.468,1.632,7.2,1.0
Costa Rica,2020,"5,123,105","4,137,983","985,122",100,79.0,12.152,5.627,1.555,6.7,1.0
Costa Rica,2021,"5,153,957","4,196,609","957,348",-,77.0,11.873,7.192,1.533,6.2,1.0
Croatia,2017,-,-,-,74,78.0,8.9,13.0,1.42,4.1,-
Croatia,2018,"4,087,843","2,327,904","1,759,939",73,78.0,9.0,12.9,1.47,4.0,-1.0
Croatia,2019,"4,065,253","2,327,032","1,738,221",73,78.0,8.9,12.7,1.47,4.0,-1.0
Croatia,2020,"4,047,680","2,329,561","1,718,119",72,78.0,8.9,14.1,1.48,4.0,0.0
Croatia,2021,"3,879,000","2,245,088","1,633,912",-,76.0,9.4,16.2,1.62,3.9,-4.0
Cuba,2017,-,-,-,109,78.0,10.182,9.622,1.593,4.3,-
Cuba,2018,"11,328,244","8,726,939","2,601,305",109,77.0,10.348,9.815,1.631,4.2,0.0
Cuba,2019,"11,316,697","8,726,192","2,590,505",109,78.0,9.752,9.861,1.551,4.2,0.0
Cuba,2020,"11,300,698","8,723,461","2,577,237",109,78.0,9.344,10.23,1.5,4.1,0.0
Cuba,2021,"11,256,372","8,700,275","2,556,097",-,74.0,8.922,14.652,1.442,4.0,0.0
Curacao,2017,-,-,-,361,78.0,9.7,8.9,1.5,-,-
Curacao,2018,"159,336","142,040","17,296",359,0.0,10.5,8.8,1.7,-,-1.0
Curacao,2019,"157,441","140,277","17,164",355,0.0,10.1,8.8,1.6,-,-1.0
Curacao,2020,"154,947","137,999","16,948",349,0.0,8.7,9.3,1.4,-,-2.0
Curacao,2021,"152,369","135,666","16,703",-,0.0,8.6,11.1,1.384,-,-2.0
Cyprus,2017,-,-,-,131,81.0,10.994,6.453,1.322,2.3,-
Cyprus,2018,"1,218,831","814,301","404,530",132,81.0,10.843,6.612,1.32,2.3,1.0
Cyprus,2019,"1,228,836","820,924","407,912",133,81.0,10.794,6.769,1.332,2.3,1.0
Cyprus,2020,"1,237,537","826,935","410,602",134,81.0,10.583,6.93,1.328,2.3,1.0
Cyprus,2021,"1,244,188","831,814","412,374",-,81.0,10.313,7.257,1.321,2.3,1.0
Czech Republic,2017,-,-,-,137,79.0,10.8,10.5,1.69,2.6,-
Czech Republic,2018,"10,629,928","7,844,036","2,785,892",138,79.0,10.7,10.6,1.71,2.5,0.0
Czech Republic,2019,"10,671,870","7,888,753","2,783,117",138,79.0,10.5,10.5,1.71,2.4,0.0
Czech Republic,2020,"10,697,858","7,922,941","2,774,917",139,78.0,10.3,12.1,1.71,2.3,0.0
Czech Republic,2021,"10,505,772","7,796,754","2,709,018",-,77.0,10.6,13.3,1.83,2.2,-2.0
Democratic Republic Of Congo,2017,-,-,-,37,59.0,43.251,9.865,6.349,69.5,-
Democratic Republic Of Congo,2018,"87,087,355","38,719,038","48,368,317",38,60.0,42.989,9.573,6.302,67.6,3.0
Democratic Republic Of Congo,2019,"89,906,890","40,499,458","49,407,432",40,60.0,42.656,9.38,6.253,65.9,3.0
Democratic Republic Of Congo,2020,"92,853,164","42,376,327","50,476,837",41,60.0,42.311,9.537,6.206,64.1,3.0
Democratic Republic Of Congo,2021,"95,894,118","44,336,645","51,557,473",-,59.0,42.049,9.7,6.156,62.4,3.0
Denmark,2017,-,-,-,144,81.0,10.6,9.2,1.75,3.4,-
Denmark,2018,"5,793,636","5,091,100","702,536",145,81.0,10.6,9.5,1.73,3.3,0.0
Denmark,2019,"5,814,422","5,116,342","698,080",145,81.0,10.5,9.3,1.7,3.3,0.0
Denmark,2020,"5,831,404","5,138,400","693,004",146,82.0,10.4,9.4,1.68,3.2,0.0
Denmark,2021,"5,856,733","5,167,981","688,752",-,81.0,10.8,9.8,1.72,3.1,0.0
Djibouti,2017,-,-,-,45,63.0,23.276,8.37,2.972,51.7,-
Djibouti,2018,"1,057,198","822,257","234,941",46,63.0,22.982,8.347,2.929,50.3,2.0
Djibouti,2019,"1,073,994","836,802","237,192",46,63.0,22.748,8.421,2.891,48.7,2.0
Djibouti,2020,"1,090,156","850,998","239,158",47,63.0,22.477,8.821,2.848,47.2,1.0
Djibouti,2021,"1,105,557","864,734","240,823",-,62.0,22.205,9.147,2.804,45.9,1.0
Dominica,2017,-,-,-,94,68.0,13.13,11.455,1.629,29.8,-
Dominica,2018,"70,823","49,918","20,905",94,74.0,13.191,8.417,1.617,30.7,1.0
Dominica,2019,"71,428","50,561","20,867",95,74.0,13.272,8.369,1.611,31.3,1.0
Dominica,2020,"71,995","51,181","20,814",96,74.0,13.301,8.177,1.597,31.7,1.0
Dominica,2021,"72,412","51,699","20,713",-,73.0,13.326,8.986,1.595,32.0,1.0
Dominican Republic,2017,-,-,-,220,73.0,19.993,6.032,2.39,28.8,-
Dominican Republic,2018,"10,765,531","8,728,047","2,037,484",223,73.0,19.762,6.06,2.381,28.6,1.0
Dominican Republic,2019,"10,881,882","8,904,426","1,977,456",225,74.0,19.291,6.006,2.344,28.3,1.0
Dominican Republic,2020,"10,999,664","9,079,123","1,920,541",228,73.0,18.78,6.46,2.303,27.8,1.0
Dominican Republic,2021,"11,117,873","9,251,516","1,866,357",-,73.0,18.432,6.678,2.273,27.3,1.0
Ecuador,2017,-,-,-,67,77.0,17.996,4.872,2.174,12.4,-
Ecuador,2018,"17,015,672","10,859,572","6,156,100",69,77.0,17.658,4.911,2.133,12.0,2.0
Ecuador,2019,"17,343,740","11,097,565","6,246,175",70,77.0,17.338,4.913,2.088,11.5,2.0
Ecuador,2020,"17,588,595","11,285,898","6,302,697",71,72.0,17.037,7.534,2.051,11.1,1.0
Ecuador,2021,"17,797,737","11,454,802","6,342,935",-,74.0,16.817,6.719,2.026,10.7,1.0
Egypt,2017,-,-,-,102,71.0,25.231,5.482,3.151,18.6,-
Egypt,2018,"103,740,765","44,301,456","59,439,309",104,71.0,24.562,5.511,3.098,17.9,2.0
Egypt,2019,"105,618,671","45,130,858","60,487,813",106,71.0,23.568,5.581,3.001,17.3,2.0
Egypt,2020,"107,465,134","45,976,808","61,488,326",108,71.0,23.051,5.851,2.96,16.8,2.0
Egypt,2021,"109,262,178","46,831,955","62,430,223",-,70.0,22.558,6.327,2.917,16.2,2.0
El Salvador,2017,-,-,-,302,72.0,16.974,6.857,1.896,12.3,-
El Salvador,2018,"6,276,342","4,520,410","1,755,932",303,73.0,16.536,6.938,1.849,11.9,0.0
El Salvador,2019,"6,280,217","4,568,607","1,711,610",303,73.0,16.416,7.451,1.838,11.5,0.0
El Salvador,2020,"6,292,731","4,621,633","1,671,098",304,71.0,16.188,8.442,1.819,11.1,0.0
El Salvador,2021,"6,314,167","4,679,934","1,634,233",-,71.0,16.025,8.661,1.803,10.7,0.0
Equatorial Guinea,2017,-,-,-,52,61.0,33.507,9.096,4.599,64.1,-
Equatorial Guinea,2018,"1,502,091","1,083,654","418,437",54,61.0,32.667,8.85,4.513,62.2,3.0
Equatorial Guinea,2019,"1,553,031","1,127,920","425,111",55,62.0,31.874,8.582,4.429,60.4,3.0
Equatorial Guinea,2020,"1,596,049","1,166,712","429,337",57,61.0,31.174,9.026,4.346,58.8,3.0
Equatorial Guinea,2021,"1,634,466","1,202,330","432,136",-,61.0,30.498,9.042,4.266,57.2,2.0
Eritrea,2017,-,-,-,28,67.0,29.421,6.504,4.112,32.2,-
Eritrea,2018,"3,445,374","1,380,906","2,064,468",28,67.0,29.105,6.353,4.056,31.4,1.0
Eritrea,2019,"3,498,818","1,424,439","2,074,379",29,67.0,28.941,6.309,3.997,30.5,2.0
Eritrea,2020,"3,555,868","1,470,245","2,085,623",29,67.0,28.706,6.424,3.933,29.7,2.0
Eritrea,2021,"3,620,312","1,519,988","2,100,324",-,67.0,28.624,6.729,3.867,28.9,2.0
Estonia,2017,-,-,-,31,78.0,10.5,11.8,1.59,2.1,-
Estonia,2018,"1,321,977","910,578","411,399",31,78.0,10.9,11.9,1.67,1.9,0.0
Estonia,2019,"1,326,898","916,236","410,662",31,79.0,10.6,11.6,1.66,1.8,0.0
Estonia,2020,"1,329,522","920,415","409,107",31,79.0,9.9,11.9,1.58,1.7,0.0
Estonia,2021,"1,330,932","923,866","407,066",-,77.0,10.0,14.0,1.61,1.6,0.0
Eswatini,2017,-,-,-,67,58.0,26.408,9.936,3.015,49.0,-
Eswatini,2018,"1,160,428","276,170","884,258",67,59.0,25.718,9.324,2.962,45.4,1.0
Eswatini,2019,"1,169,613","280,485","889,128",68,61.0,25.118,8.923,2.921,43.9,1.0
Eswatini,2020,"1,180,655","285,376","895,279",69,60.0,24.615,9.603,2.89,44.2,1.0
Eswatini,2021,"1,192,271","290,545","901,726",-,57.0,24.134,11.356,2.839,41.5,1.0
Ethiopia,2017,-,-,-,96,65.0,33.059,6.767,4.39,39.6,-
Ethiopia,2018,"111,129,438","23,073,805","88,055,633",98,65.0,32.996,6.569,4.343,38.0,3.0
Ethiopia,2019,"114,120,594","24,222,096","89,898,498",101,66.0,33.123,6.439,4.323,36.6,3.0
Ethiopia,2020,"117,190,911","25,424,568","91,766,343",104,65.0,32.78,6.616,4.243,35.4,3.0
Ethiopia,2021,"120,283,026","26,671,558","93,611,468",-,65.0,32.383,6.776,4.159,34.3,3.0
Faroe Islands,2017,-,-,-,36,82.0,13.1,8.9,2.479,-,-
Faroe Islands,2018,"50,955","21,434","29,521",37,83.0,13.4,7.7,2.501,-,1.0
Faroe Islands,2019,"51,681","21,822","29,859",37,83.0,13.2,8.0,2.408,-,1.0
Faroe Islands,2020,"52,415","22,223","30,192",38,83.0,12.9,7.0,2.323,-,1.0
Faroe Islands,2021,"52,889","22,522","30,367",-,83.0,12.8,8.1,2.293,-,1.0
Fiji,2017,-,-,-,50,68.0,20.55,7.703,2.557,21.6,-
Fiji,2018,"918,996","516,917","402,079",50,68.0,20.187,7.832,2.53,22.1,0.0
Fiji,2019,"918,465","521,229","397,236",50,68.0,19.962,7.941,2.519,22.6,0.0
Fiji,2020,"920,422","526,914","393,508",50,68.0,19.628,8.078,2.495,23.1,0.0
Fiji,2021,"924,610","533,870","390,740",-,67.0,19.345,8.859,2.475,23.3,0.0
Finland,2017,-,-,-,18,82.0,9.1,9.8,1.49,1.9,-
Finland,2018,"5,515,525","4,709,266","806,259",18,82.0,8.6,9.9,1.41,1.9,0.0
Finland,2019,"5,521,606","4,717,991","803,615",18,82.0,8.3,9.8,1.35,1.9,0.0
Finland,2020,"5,529,543","4,728,699","800,844",18,82.0,8.4,10.0,1.37,1.8,0.0
Finland,2021,"5,541,017","4,742,889","798,128",-,82.0,9.0,10.4,1.46,1.8,0.0
France,2017,-,-,-,122,83.0,11.5,9.1,1.89,3.3,-
France,2018,"67,158,348","54,024,861","13,133,487",123,83.0,11.3,9.1,1.87,3.4,0.0
France,2019,"67,388,001","54,388,182","12,999,819",123,83.0,11.2,9.1,1.86,3.4,0.0
France,2020,"67,571,107","54,715,704","12,855,403",123,82.0,10.9,9.9,1.83,3.4,0.0
France,2021,"67,749,632","55,041,156","12,708,476",-,82.0,10.9,9.7,1.83,3.4,0.0
French Polynesia,2017,-,-,-,85,83.0,14.015,3.219,1.804,-,-
French Polynesia,2018,"297,606","184,022","113,584",86,83.0,13.777,3.31,1.789,-,1.0
French Polynesia,2019,"299,717","185,516","114,201",86,83.0,13.088,3.391,1.712,-,1.0
French Polynesia,2020,"301,920","187,115","114,805",87,82.0,12.924,3.859,1.705,-,1.0
French Polynesia,2021,"304,032","188,701","115,331",-,79.0,12.759,5.376,1.699,-,1.0
Gabon,2017,-,-,-,8,66.0,29.713,7.054,3.752,33.2,-
Gabon,2018,"2,192,012","1,959,001","233,011",9,66.0,29.004,6.986,3.679,32.2,2.0
Gabon,2019,"2,242,785","2,012,698","230,087",9,67.0,28.354,6.856,3.615,31.2,2.0
Gabon,2020,"2,292,573","2,065,425","227,148",9,67.0,27.695,6.909,3.548,29.8,2.0
Gabon,2021,"2,341,179","2,116,964","224,215",-,66.0,27.142,7.258,3.491,29.4,2.0
Gambia,2017,-,-,-,235,63.0,35.743,7.396,5.091,37.7,-
Gambia,2018,"2,444,916","1,498,000","946,916",242,63.0,34.924,7.323,4.972,36.7,3.0
Gambia,2019,"2,508,883","1,553,776","955,107",248,64.0,34.281,6.999,4.869,35.8,3.0
Gambia,2020,"2,573,995","1,610,858","963,137",254,63.0,33.719,7.373,4.777,34.9,3.0
Gambia,2021,"2,639,916","1,669,008","970,908",-,62.0,33.257,7.543,4.684,34.0,3.0
Georgia,2017,-,-,-,65,74.0,14.856,12.603,2.144,8.9,-
Georgia,2018,"3,726,549","2,184,950","1,541,599",65,73.0,14.395,12.963,2.114,8.8,0.0
Georgia,2019,"3,720,161","2,196,346","1,523,815",65,73.0,13.451,12.88,2.011,8.6,0.0
Georgia,2020,"3,722,716","2,213,266","1,509,450",65,73.0,12.966,13.976,1.971,8.5,0.0
Georgia,2021,"3,708,610","2,220,419","1,488,191",-,72.0,13.412,15.166,2.081,8.4,0.0
Germany,2017,-,-,-,237,81.0,9.5,11.3,1.57,3.3,-
Germany,2018,"82,905,782","64,096,118","18,809,664",237,81.0,9.5,11.5,1.57,3.2,0.0
Germany,2019,"83,092,962","64,294,010","18,798,952",238,81.0,9.4,11.3,1.54,3.2,0.0
Germany,2020,"83,160,871","64,410,589","18,750,282",238,81.0,9.3,11.9,1.53,3.1,0.0
Germany,2021,"83,196,078","64,513,567","18,682,511",-,81.0,9.6,12.3,1.58,3.0,0.0
Ghana,2017,-,-,-,133,64.0,28.978,7.39,3.713,36.7,-
Ghana,2018,"30,870,641","17,306,081","13,564,560",136,64.0,29.025,7.373,3.731,35.6,2.0
Ghana,2019,"31,522,290","17,875,345","13,646,945",139,65.0,28.572,7.143,3.683,34.5,2.0
Ghana,2020,"32,180,401","18,455,138","13,725,263",141,64.0,28.038,7.448,3.623,33.5,2.0
Ghana,2021,"32,833,031","19,038,233","13,794,798",-,64.0,27.548,7.627,3.563,32.6,2.0
Gibraltar,2017,-,-,-,"3,260",82.0,11.482,8.182,1.895,-,-
Gibraltar,2018,"32,648","32,648",-,"3,265",82.0,11.242,8.191,1.879,-,0.0
Gibraltar,2019,"32,685","32,685",-,"3,269",82.0,11.015,8.283,1.863,-,0.0
Gibraltar,2020,"32,709","32,709",-,"3,271",82.0,10.844,8.685,1.855,-,0.0
Gibraltar,2021,"32,669","32,669",-,-,79.0,10.714,11.546,1.848,-,0.0
Greece,2017,-,-,-,83,81.0,8.2,11.6,1.35,3.8,-
Greece,2018,"10,732,882","8,485,202","2,247,680",83,82.0,8.1,11.2,1.35,3.7,0.0
Greece,2019,"10,721,582","8,511,650","2,209,932",83,82.0,7.8,11.7,1.34,3.5,0.0
Greece,2020,"10,698,599","8,528,388","2,170,211",83,81.0,7.9,12.2,1.39,3.4,0.0
Greece,2021,"10,641,221","8,517,020","2,124,201",-,80.0,8.0,13.5,1.39,3.3,-1.0
Greenland,2017,-,-,-,0,72.0,15.2,8.9,2.09,-,-
Greenland,2018,"56,023","48,637","7,386",0,72.0,14.6,8.7,2.0,-,0.0
Greenland,2019,"56,225","48,945","7,280",0,72.0,15.1,9.8,2.08,-,0.0
Greenland,2020,"56,367","49,198","7,169",0,72.0,14.8,9.2,2.019,-,0.0
Greenland,2021,"56,653","49,575","7,078",-,71.0,13.4,9.4,1.8,-,1.0
Grenada,2017,-,-,-,356,75.0,17.191,7.9,2.083,14.5,-
Grenada,2018,"121,838","44,193","77,645",358,75.0,16.92,7.956,2.063,14.6,1.0
Grenada,2019,"122,724","44,667","78,057",361,75.0,16.617,8.008,2.042,14.6,1.0
Grenada,2020,"123,663","45,183","78,480",364,75.0,16.288,8.061,2.023,14.6,1.0
Grenada,2021,"124,610","45,724","78,886",-,75.0,15.961,8.151,2.004,14.4,1.0
Guam,2017,-,-,-,312,77.0,17.997,6.127,2.805,-,-
Guam,2018,"168,678","159,873","8,805",312,77.0,17.02,6.21,2.671,-,0.0
Guam,2019,"168,624","159,955","8,669",312,78.0,16.624,6.304,2.623,-,0.0
Guam,2020,"169,231","160,665","8,566",313,77.0,16.363,7.178,2.593,-,0.0
Guam,2021,"170,534","162,033","8,501",-,77.0,16.376,7.337,2.569,-,1.0
Guatemala,2017,-,-,-,150,73.0,24.791,5.015,2.857,22.2,-
Guatemala,2018,"16,346,950","8,345,772","8,001,178",153,73.0,23.929,4.995,2.743,21.5,2.0
Guatemala,2019,"16,604,026","8,540,945","8,063,081",155,73.0,22.858,4.892,2.61,20.8,2.0
Guatemala,2020,"16,858,333","8,738,685","8,119,648",157,72.0,21.816,5.337,2.484,20.2,2.0
Guatemala,2021,"17,109,746","8,938,987","8,170,759",-,69.0,21.12,6.504,2.395,19.6,1.0
Guinea,2017,-,-,-,50,59.0,36.625,10.121,4.789,69.2,-
Guinea,2018,"12,554,864","4,537,328","8,017,536",51,59.0,35.931,9.94,4.669,68.0,3.0
Guinea,2019,"12,877,539","4,700,302","8,177,237",52,60.0,35.436,9.712,4.576,66.8,3.0
Guinea,2020,"13,205,153","4,869,400","8,335,753",54,59.0,34.944,9.847,4.489,65.4,3.0
Guinea,2021,"13,531,906","5,042,529","8,489,377",-,59.0,34.425,9.99,4.399,63.8,2.0
Guinea-Bissau,2017,-,-,-,67,60.0,33.285,8.642,4.358,56.3,-
Guinea-Bissau,2018,"1,924,955","834,660","1,090,295",68,61.0,32.657,8.401,4.263,54.6,2.0
Guinea-Bissau,2019,"1,970,457","862,607","1,107,850",70,61.0,32.093,8.206,4.172,52.9,2.0
Guinea-Bissau,2020,"2,015,828","890,915","1,124,913",72,60.0,31.605,8.574,4.094,51.5,2.0
Guinea-Bissau,2021,"2,060,721","919,432","1,141,289",-,60.0,31.087,8.716,4.005,50.0,2.0
Guyana,2017,-,-,-,4,69.0,20.958,7.472,2.485,26.0,-
Guyana,2018,"785,514","208,994","576,520",4,69.0,20.77,7.499,2.462,25.3,3.0
Guyana,2019,"798,753","213,179","585,574",4,69.0,20.828,7.444,2.44,24.6,2.0
Guyana,2020,"797,202","213,539","583,663",4,68.0,20.473,8.026,2.418,23.9,0.0
Guyana,2021,"804,567","216,404","588,163",-,66.0,20.298,9.987,2.397,23.2,1.0
Haiti,2017,-,-,-,394,64.0,24.98,8.014,3.016,50.5,-
Haiti,2018,"11,012,421","6,087,446","4,924,975",400,64.0,24.579,7.998,2.959,49.2,1.0
Haiti,2019,"11,160,438","6,271,273","4,889,165",405,64.0,24.304,7.953,2.919,48.0,1.0
Haiti,2020,"11,306,801","6,454,827","4,851,974",410,64.0,23.936,8.176,2.869,46.7,1.0
Haiti,2021,"11,447,569","6,635,469","4,812,100",-,63.0,23.498,8.676,2.814,45.4,1.0
Honduras,2017,-,-,-,86,73.0,22.16,4.221,2.496,16.3,-
Honduras,2018,"9,792,850","5,591,326","4,201,524",88,73.0,21.895,4.257,2.46,15.8,2.0
Honduras,2019,"9,958,829","5,749,232","4,209,597",89,73.0,21.628,4.315,2.427,15.2,2.0
Honduras,2020,"10,121,763","5,906,960","4,214,803",90,71.0,21.353,4.945,2.394,14.7,2.0
Honduras,2021,"10,278,345","6,062,373","4,215,972",-,70.0,21.071,5.608,2.363,14.2,2.0
Hong Kong,2017,-,-,-,"7,041",85.0,7.6,6.3,1.128,-,-
Hong Kong,2018,"7,452,600","7,452,600",-,"7,098",85.0,7.2,6.4,1.08,-,1.0
Hong Kong,2019,"7,507,900","7,507,900",-,"7,150",85.0,7.0,6.5,1.064,-,1.0
Hong Kong,2020,"7,481,000","7,481,000",-,"7,125",85.0,5.8,6.8,0.883,-,0.0
Hong Kong,2021,"7,413,100","7,413,100",-,-,85.0,5.0,6.9,0.772,-,-1.0
Hungary,2017,-,-,-,107,76.0,9.7,13.5,1.54,3.7,-
Hungary,2018,"9,775,564","6,974,963","2,800,601",107,76.0,9.6,13.4,1.55,3.5,0.0
Hungary,2019,"9,771,141","7,000,436","2,770,705",107,76.0,9.5,13.3,1.55,3.4,0.0
Hungary,2020,"9,750,149","7,014,452","2,735,697",107,76.0,9.6,14.5,1.59,3.4,0.0
Hungary,2021,"9,709,891","7,014,911","2,694,980",-,74.0,9.7,16.1,1.59,3.3,0.0
Iceland,2017,-,-,-,3,83.0,11.9,6.5,1.71,2.1,-
Iceland,2018,"352,721","330,898","21,823",3,83.0,12.0,6.4,1.71,2.1,3.0
Iceland,2019,"360,563","338,406","22,157",4,83.0,12.3,6.3,1.74,2.1,2.0
Iceland,2020,"366,463","344,101","22,362",4,83.0,12.3,6.3,1.72,2.1,2.0
Iceland,2021,"372,520","349,960","22,560",-,83.0,13.1,6.3,1.82,2.1,2.0
India,2017,-,-,-,455,70.0,17.911,6.593,2.2,31.5,-
India,2018,"1,369,003,306","465,871,825","903,131,481",460,71.0,17.651,6.644,2.177,29.8,1.0
India,2019,"1,383,112,050","476,786,386","906,325,664",465,71.0,17.049,6.71,2.109,28.3,1.0
India,2020,"1,396,387,127","487,702,168","908,684,959",470,70.0,16.572,7.35,2.051,26.8,1.0
India,2021,"1,407,563,842","498,179,071","909,384,771",-,67.0,16.419,9.448,2.031,25.5,1.0
Indonesia,2017,-,-,-,141,70.0,17.519,7.579,2.262,21.6,-
Indonesia,2018,"267,066,843","147,754,731","119,312,112",142,70.0,17.179,7.496,2.234,20.8,1.0
Indonesia,2019,"269,582,878","150,925,974","118,656,904",144,71.0,16.91,7.539,2.215,20.1,1.0
Indonesia,2020,"271,857,970","153,983,073","117,874,897",145,69.0,16.649,8.964,2.194,19.5,1.0
Indonesia,2021,"273,753,191","156,833,203","116,919,988",-,68.0,16.425,10.065,2.175,18.9,1.0
Iran,2017,-,-,-,52,76.0,18.608,4.692,2.074,12.4,-
Iran,2018,"85,617,562","64,125,842","21,491,720",53,76.0,17.231,4.715,1.968,12.0,1.0
Iran,2019,"86,564,202","65,261,618","21,302,584",53,76.0,15.118,4.872,1.77,11.6,1.0
Iran,2020,"87,290,193","66,230,561","21,059,632",54,75.0,14.231,5.567,1.708,11.2,1.0
Iran,2021,"87,923,432","67,125,144","20,798,288",-,74.0,13.699,6.437,1.692,10.9,1.0
Iraq,2017,-,-,-,91,70.0,28.923,4.637,3.73,23.4,-
Iraq,2018,"40,590,700","28,605,484","11,985,216",93,72.0,28.429,4.282,3.659,22.7,2.0
Iraq,2019,"41,563,520","29,376,265","12,187,255",96,72.0,28.078,4.301,3.604,22.1,2.0
Iraq,2020,"42,556,984","30,169,923","12,387,061",98,69.0,27.732,5.239,3.551,21.4,2.0
Iraq,2021,"43,533,592","30,960,655","12,572,937",-,70.0,27.367,4.753,3.496,20.7,2.0
Ireland,2017,-,-,-,70,82.0,12.9,6.3,1.77,3.0,-
Ireland,2018,"4,867,316","3,074,684","1,792,632",71,82.0,12.5,6.4,1.75,2.9,1.0
Ireland,2019,"4,934,340","3,128,618","1,805,722",72,83.0,12.0,6.3,1.71,2.9,1.0
Ireland,2020,"4,985,382","3,173,345","1,812,037",72,83.0,11.2,6.5,1.63,2.8,1.0
Ireland,2021,"5,033,165","3,216,796","1,816,369",-,82.0,11.6,6.6,1.72,2.7,1.0
Isle Of Man,2017,-,-,-,147,80.0,9.25,10.023,1.677,-,-
Isle Of Man,2018,"83,775","44,056","39,719",147,81.0,8.94,10.054,1.621,-,0.0
Isle Of Man,2019,"83,933","44,262","39,671",147,81.0,8.888,10.09,1.614,-,0.0
Isle Of Man,2020,"84,046","44,459","39,587",147,81.0,8.605,10.414,1.569,-,0.0
Isle Of Man,2021,"84,263","44,723","39,540",-,81.0,8.529,10.604,1.564,-,0.0
Israel,2017,-,-,-,403,83.0,21.1,5.2,3.11,3.0,-
Israel,2018,"8,882,800","8,209,306","673,494",410,83.0,20.8,5.0,3.09,2.9,2.0
Israel,2019,"9,054,000","8,375,041","678,959",418,83.0,20.1,5.1,3.01,2.8,2.0
Israel,2020,"9,215,100","8,531,985","683,115",426,83.0,19.2,5.3,2.9,2.8,2.0
Israel,2021,"9,364,700","8,678,642","686,058",-,83.0,19.7,5.4,3.0,2.7,2.0
Italy,2017,-,-,-,205,83.0,7.6,10.7,1.32,2.8,-
Italy,2018,"60,421,760","42,559,879","17,861,881",204,83.0,7.3,10.5,1.29,2.7,0.0
Italy,2019,"59,729,081","42,249,963","17,479,118",202,83.0,7.0,10.6,1.27,2.6,-1.0
Italy,2020,"59,438,851","42,224,765","17,214,086",201,82.0,6.8,12.5,1.24,2.4,0.0
Italy,2021,"59,109,668","42,172,384","16,937,284",-,83.0,6.8,12.0,1.25,2.2,-1.0
Jamaica,2017,-,-,-,259,72.0,12.748,7.145,1.44,12.2,-
Jamaica,2018,"2,811,835","1,565,461","1,246,374",260,72.0,12.22,7.318,1.388,11.8,0.0
Jamaica,2019,"2,813,773","1,575,291","1,238,482",260,72.0,11.994,7.477,1.37,11.4,0.0
Jamaica,2020,"2,820,436","1,588,216","1,232,220",260,72.0,11.813,7.583,1.358,11.0,0.0
Jamaica,2021,"2,827,695","1,601,946","1,225,749",-,71.0,11.712,8.797,1.352,10.7,0.0
Japan,2017,-,-,-,348,84.0,7.6,10.8,1.43,1.9,-
Japan,2018,"126,811,000","116,179,166","10,631,834",348,84.0,7.4,11.0,1.42,1.9,0.0
Japan,2019,"126,633,000","116,119,928","10,513,072",347,84.0,7.0,11.2,1.36,1.8,0.0
Japan,2020,"126,261,000","115,884,871","10,376,129",346,85.0,6.8,11.1,1.33,1.8,0.0
Japan,2021,"125,681,593","115,459,909","10,221,684",-,84.0,6.6,11.7,1.3,1.7,0.0
Jordan,2017,-,-,-,115,76.0,23.377,3.155,3.027,14.2,-
Jordan,2018,"10,459,865","9,516,281","943,584",118,76.0,22.999,3.15,2.973,13.8,2.0
Jordan,2019,"10,698,683","9,757,520","941,163",120,76.0,22.6,3.148,2.918,13.4,2.0
Jordan,2020,"10,928,721","9,990,818","937,903",123,75.0,22.265,3.475,2.873,12.9,2.0
Jordan,2021,"11,148,278","10,214,721","933,557",-,74.0,21.95,3.868,2.83,12.6,2.0
Kazakhstan,2017,-,-,-,7,73.0,21.64,7.15,2.75,9.4,-
Kazakhstan,2018,"18,276,452","10,495,801","7,780,651",7,73.0,21.77,7.14,2.84,9.1,1.0
Kazakhstan,2019,"18,513,673","10,652,767","7,860,906",7,73.0,21.73,7.19,2.9,9.1,1.0
Kazakhstan,2020,"18,755,666","10,816,580","7,939,086",7,71.0,22.76,8.6,3.13,9.1,1.0
Kazakhstan,2021,"19,000,988","10,986,561","8,014,427",-,70.0,23.5,9.61,3.32,9.1,1.0
Kenya,2017,-,-,-,86,62.0,29.755,7.294,3.643,31.6,-
Kenya,2018,"49,953,304","13,502,378","36,450,926",88,63.0,29.18,7.305,3.58,30.6,2.0
Kenya,2019,"50,951,450","14,015,215","36,936,235",90,63.0,28.46,7.29,3.469,29.7,2.0
Kenya,2020,"51,985,780","14,553,419","37,432,361",91,63.0,27.998,7.456,3.397,29.0,2.0
Kenya,2021,"53,005,614","15,102,890","37,902,724",-,61.0,27.685,8.056,3.335,28.0,2.0
Kiribati,2017,-,-,-,149,67.0,28.616,6.426,3.431,42.6,-
Kiribati,2018,"122,261","66,091","56,170",151,67.0,28.46,6.345,3.41,41.5,2.0
Kiribati,2019,"124,241","68,128","56,113",153,67.0,28.064,6.252,3.368,40.4,2.0
Kiribati,2020,"126,463","70,306","56,157",156,67.0,27.645,6.242,3.333,39.4,2.0
Kiribati,2021,"128,874","72,601","56,273",-,67.0,27.207,6.236,3.304,38.3,2.0
Kosovo,2017,-,-,-,-,79.0,12.615,5.262,1.649,11.5,-
Kosovo,2018,"1,797,085",-,-,-,79.0,12.094,5.505,1.605,10.8,0.0
Kosovo,2019,"1,788,878",-,-,-,79.0,11.443,5.56,1.546,10.1,0.0
Kosovo,2020,"1,790,133",-,-,-,77.0,11.181,7.505,1.529,9.6,0.0
Kosovo,2021,"1,786,038",-,-,-,77.0,11.143,7.22,1.522,9.1,0.0
Kuwait,2017,-,-,-,231,80.0,14.386,1.914,2.161,7.6,-
Kuwait,2018,"4,317,185","4,317,185",-,242,80.0,13.443,2.052,2.165,7.6,5.0
Kuwait,2019,"4,441,100","4,441,100",-,249,80.0,12.437,2.194,2.159,7.6,3.0
Kuwait,2020,"4,360,444","4,360,444",-,245,77.0,11.797,3.254,2.14,7.5,-2.0
Kuwait,2021,"4,250,114","4,250,114",-,-,79.0,10.41,2.906,2.11,7.5,-3.0
Kyrgyz Republic,2017,-,-,-,32,71.0,24.8,5.4,3.0,17.8,-
Kyrgyz Republic,2018,"6,322,800","2,298,401","4,024,399",33,71.0,27.1,5.2,3.3,17.0,2.0
Kyrgyz Republic,2019,"6,456,200","2,362,388","4,093,812",34,72.0,26.9,5.2,3.3,16.3,2.0
Kyrgyz Republic,2020,"6,579,900","2,425,088","4,154,812",34,72.0,24.0,6.1,3.0,15.9,2.0
Kyrgyz Republic,2021,"6,691,800","2,485,736","4,206,064",-,72.0,22.4,5.8,2.89,15.6,2.0
Lao PDR,2017,-,-,-,30,67.0,23.715,6.91,2.671,39.1,-
Lao PDR,2018,"7,105,006","2,487,036","4,617,970",31,68.0,23.238,6.755,2.619,37.7,2.0
Lao PDR,2019,"7,212,053","2,570,736","4,641,317",31,68.0,22.786,6.505,2.571,36.6,1.0
Lao PDR,2020,"7,319,399","2,656,210","4,663,189",32,68.0,22.449,6.366,2.541,35.4,1.0
Lao PDR,2021,"7,425,057","2,742,742","4,682,315",-,68.0,21.973,6.613,2.496,34.2,1.0
Latvia,2017,-,-,-,31,75.0,10.7,14.8,1.69,3.8,-
Latvia,2018,"1,927,174","1,313,215","613,959",31,75.0,10.0,15.0,1.6,3.6,-1.0
Latvia,2019,"1,913,822","1,305,648","608,174",31,75.0,9.8,14.5,1.61,3.4,-1.0
Latvia,2020,"1,900,449","1,298,292","602,157",31,75.0,9.2,15.2,1.55,3.3,-1.0
Latvia,2021,"1,884,490","1,289,387","595,103",-,73.0,9.2,18.4,1.57,3.2,-1.0
Lebanon,2017,-,-,-,597,80.0,16.904,4.495,2.173,7.7,-
Lebanon,2018,"5,950,839","5,272,027","678,812",582,80.0,16.311,4.704,2.148,7.6,-3.0
Lebanon,2019,"5,781,907","5,131,905","650,002",565,79.0,15.822,5.178,2.13,7.4,-3.0
Lebanon,2020,"5,662,923","5,035,754","627,169",554,78.0,15.332,6.253,2.103,7.2,-2.0
Lebanon,2021,"5,592,631","4,982,643","609,988",-,75.0,14.948,8.271,2.091,7.1,-1.0
Lesotho,2017,-,-,-,71,53.0,27.723,13.651,3.187,62.0,-
Lesotho,2018,"2,198,017","618,808","1,579,209",72,54.0,27.262,13.259,3.139,60.8,1.0
Lesotho,2019,"2,225,702","636,217","1,589,485",73,54.0,26.839,13.014,3.094,60.0,1.0
Lesotho,2020,"2,254,100","654,320","1,599,780",74,55.0,26.378,12.858,3.049,58.4,1.0
Lesotho,2021,"2,281,454","672,573","1,608,881",-,53.0,26.107,14.186,3.018,57.0,1.0
Liberia,2017,-,-,-,50,61.0,33.151,8.954,4.396,62.1,-
Liberia,2018,"4,889,391","2,500,972","2,388,419",51,61.0,32.706,8.793,4.336,60.9,2.0
Liberia,2019,"4,985,289","2,573,157","2,412,132",52,61.0,32.181,8.658,4.257,59.6,2.0
Liberia,2020,"5,087,584","2,650,072","2,437,512",53,61.0,31.708,8.753,4.174,58.2,2.0
Liberia,2021,"5,193,416","2,730,335","2,463,081",-,61.0,31.287,8.838,4.089,56.7,2.0
Libya,2017,-,-,-,4,72.0,19.898,5.284,2.626,10.6,-
Libya,2018,"6,477,793","5,188,842","1,288,951",4,73.0,19.282,5.245,2.581,10.2,2.0
Libya,2019,"6,569,088","5,281,087","1,288,001",4,72.0,18.732,5.454,2.539,9.9,1.0
Libya,2020,"6,653,942","5,369,132","1,284,810",4,72.0,18.302,5.598,2.507,9.5,1.0
Libya,2021,"6,735,277","5,455,170","1,280,107",-,72.0,17.828,6.018,2.462,9.2,1.0
Liechtenstein,2017,-,-,-,237,84.0,8.9,6.6,1.44,-,-
Liechtenstein,2018,"38,181","5,474","32,707",239,83.0,9.9,7.2,1.58,-,1.0
Liechtenstein,2019,"38,482","5,530","32,952",241,84.0,9.2,6.8,1.48,-,1.0
Liechtenstein,2020,"38,756","5,587","33,169",242,82.0,9.1,8.2,1.46,-,1.0
Liechtenstein,2021,"39,039","5,649","33,390",-,84.0,9.6,6.9,1.53,-,1.0
Lithuania,2017,-,-,-,45,75.0,10.1,14.2,1.63,3.6,-
Lithuania,2018,"2,801,543","1,896,056","905,487",45,76.0,10.0,14.1,1.63,3.3,-1.0
Lithuania,2019,"2,794,137","1,895,962","898,175",45,76.0,9.8,13.7,1.61,3.1,0.0
Lithuania,2020,"2,794,885","1,901,807","893,078",45,75.0,9.0,15.6,1.48,2.9,0.0
Lithuania,2021,"2,800,839","1,911,545","889,294",-,74.0,8.3,17.0,1.34,2.7,0.0
Luxembourg,2017,-,-,-,232,82.0,10.4,7.1,1.39,2.3,-
Luxembourg,2018,"607,950","553,119","54,831",236,82.0,10.3,7.1,1.38,2.3,2.0
Luxembourg,2019,"620,001","565,584","54,417",241,83.0,10.0,6.9,1.34,2.3,2.0
Luxembourg,2020,"630,419","576,537","53,882",245,82.0,10.2,7.3,1.36,2.3,2.0
Luxembourg,2021,"640,064","586,759","53,305",-,83.0,10.5,7.0,1.38,2.2,2.0
Macao,2017,-,-,-,"20,734",85.0,10.877,3.864,1.123,-,-
Macao,2018,"650,991","650,991",-,"19,787",85.0,10.621,3.86,1.104,-,2.0
Macao,2019,"663,653","663,653",-,"20,172",85.0,10.295,3.983,1.077,-,2.0
Macao,2020,"676,283","676,283",-,"20,556",85.0,10.128,4.047,1.072,-,2.0
Macao,2021,"686,607","686,607",-,-,85.0,10.114,4.111,1.088,-,2.0
Madagascar,2017,-,-,-,45,65.0,32.477,6.79,4.109,45.1,-
Madagascar,2018,"26,846,541","9,984,497","16,862,044",46,65.0,32.088,6.736,4.043,45.2,3.0
Madagascar,2019,"27,533,134","10,424,320","17,108,814",47,66.0,31.701,6.518,3.978,45.3,3.0
Madagascar,2020,"28,225,177","10,876,290","17,348,887",49,65.0,31.343,6.801,3.918,45.3,2.0
Madagascar,2021,"28,915,653","11,336,960","17,578,693",-,64.0,30.949,7.104,3.851,45.3,2.0
Malawi,2017,-,-,-,190,63.0,34.343,7.149,4.22,35.5,-
Malawi,2018,"18,367,883","3,110,968","15,256,915",195,63.0,33.925,6.955,4.14,34.2,3.0
Malawi,2019,"18,867,337","3,240,276","15,627,061",200,64.0,33.598,6.611,4.072,33.0,3.0
Malawi,2020,"19,377,061","3,376,840","16,000,221",206,64.0,33.233,6.706,3.995,32.1,3.0
Malawi,2021,"19,889,742","3,519,490","16,370,252",-,63.0,32.859,6.983,3.917,31.2,3.0
Malaysia,2017,-,-,-,97,75.0,16.355,5.132,1.929,6.9,-
Malaysia,2018,"32,399,271","24,635,110","7,764,161",99,76.0,15.978,5.175,1.881,6.9,1.0
Malaysia,2019,"32,804,020","25,130,176","7,673,844",100,76.0,15.58,5.253,1.834,6.7,1.0
Malaysia,2020,"33,199,993","25,617,115","7,582,878",101,76.0,15.417,5.311,1.818,6.6,1.0
Malaysia,2021,"33,573,874","26,085,557","7,488,317",-,75.0,15.24,6.034,1.803,6.5,1.0
Maldives,2017,-,-,-,"1,575",80.0,16.126,2.784,1.845,7.1,-
Maldives,2018,"489,758","194,963","294,795","1,633",80.0,15.531,2.828,1.784,6.5,4.0
Maldives,2019,"504,508","203,004","301,504","1,682",80.0,15.001,2.858,1.736,6.0,3.0
Maldives,2020,"514,438","209,217","305,221","1,715",80.0,14.576,3.001,1.712,5.5,2.0
Maldives,2021,"521,457","214,329","307,128",-,80.0,14.088,3.02,1.692,5.1,1.0
Mali,2017,-,-,-,16,59.0,43.378,9.637,6.251,67.3,-
Mali,2018,"19,934,298","8,443,371","11,490,927",16,59.0,42.901,9.419,6.183,65.9,3.0
Mali,2019,"20,567,424","8,871,964","11,695,460",17,60.0,42.376,9.205,6.103,64.4,3.0
Mali,2020,"21,224,040","9,319,264","11,904,776",17,59.0,41.995,9.529,6.035,63.0,3.0
Mali,2021,"21,904,983","9,786,489","12,118,494",-,59.0,41.643,9.274,5.956,61.6,3.0
Malta,2017,-,-,-,"1,462",82.0,9.2,7.6,1.26,5.6,-
Malta,2018,"484,630","458,518","26,112","1,514",82.0,9.2,7.6,1.23,5.5,3.0
Malta,2019,"504,062","477,236","26,826","1,575",83.0,8.6,7.3,1.14,5.3,4.0
Malta,2020,"515,332","488,246","27,086","1,610",82.0,8.6,7.9,1.13,5.2,2.0
Malta,2021,"518,536","491,624","26,912",-,83.0,8.5,8.0,1.14,5.1,1.0
Marshall Islands,2017,-,-,-,262,64.0,22.268,7.097,2.929,27.8,-
Marshall Islands,2018,"45,989","35,426","10,563",255,65.0,21.514,7.187,2.877,27.1,-3.0
Marshall Islands,2019,"44,728","34,627","10,101",248,65.0,20.744,7.29,2.824,26.3,-3.0
Marshall Islands,2020,"43,413","33,773","9,640",241,65.0,20.006,7.425,2.777,25.6,-3.0
Marshall Islands,2021,"42,050","32,867","9,183",-,65.0,19.28,7.556,2.729,24.8,-3.0
Mauritania,2017,-,-,-,4,65.0,34.425,7.446,4.664,35.5,-
Mauritania,2018,"4,270,712","2,292,177","1,978,535",4,65.0,34.183,7.248,4.607,34.7,3.0
Mauritania,2019,"4,383,849","2,389,505","1,994,344",4,66.0,33.723,7.003,4.521,33.8,3.0
Mauritania,2020,"4,498,604","2,488,943","2,009,661",4,65.0,33.427,7.466,4.455,33.0,3.0
Mauritania,2021,"4,614,974","2,590,523","2,024,451",-,64.0,33.194,7.44,4.398,32.2,3.0
Mauritius,2017,-,-,-,623,75.0,10.7,8.0,1.44,13.3,-
Mauritius,2018,"1,265,577","516,267","749,310",623,74.0,10.2,8.5,1.41,13.8,0.0
Mauritius,2019,"1,265,985","516,091","749,894",624,74.0,10.2,8.8,1.4,14.5,0.0
Mauritius,2020,"1,266,014","516,027","749,987",624,74.0,10.6,8.7,1.44,14.9,0.0
Mauritius,2021,"1,266,334","516,348","749,986",-,74.0,10.3,10.5,1.41,15.3,0.0
Mexico,2017,-,-,-,63,74.0,16.947,6.615,2.041,13.1,-
Mexico,2018,"124,013,861","99,404,550","24,609,311",64,74.0,16.465,6.856,1.996,12.6,1.0
Mexico,2019,"125,085,311","100,623,628","24,461,683",64,74.0,15.71,6.931,1.916,12.2,1.0
Mexico,2020,"125,998,302","101,719,689","24,278,613",65,70.0,15.565,9.33,1.905,11.8,1.0
Mexico,2021,"126,705,138","102,651,435","24,053,703",-,70.0,14.857,9.406,1.822,11.4,1.0
Micronesia,2017,-,-,-,158,71.0,21.451,5.265,2.893,23.6,-
Micronesia,2018,"110,929","25,184","85,745",158,71.0,21.2,5.472,2.84,23.0,0.0
Micronesia,2019,"111,379","25,408","85,971",159,71.0,21.059,5.728,2.801,22.2,0.0
Micronesia,2020,"112,106","25,709","86,397",160,71.0,20.837,6.065,2.754,21.6,1.0
Micronesia,2021,"113,131","26,097","87,034",-,71.0,20.777,6.211,2.711,21.0,1.0
Moldova,2017,-,-,-,96,71.0,13.805,13.088,1.81,13.1,-
Moldova,2018,"2,707,203","1,154,054","1,553,149",94,70.0,13.443,13.339,1.809,12.9,-2.0
Moldova,2019,"2,664,224","1,138,316","1,525,908",93,71.0,12.894,13.089,1.78,12.7,-2.0
Moldova,2020,"2,635,130","1,129,127","1,506,003",92,70.0,12.481,14.445,1.77,12.5,-1.0
Moldova,2021,"2,615,199","1,124,483","1,490,716",-,69.0,12.432,16.36,1.806,12.2,-1.0
Monaco,2018,"37,029","37,029",-,"18,268",-,5.9,6.6,-,1.0,0.0
Monaco,2019,"37,034","37,034",-,"18,270",-,0.0,0.0,-,1.0,0.0
Monaco,2020,"36,922","36,922",-,"18,215",-,0.0,0.0,-,1.0,0.0
Monaco,2021,"36,686","36,686",-,-,-,0.0,0.0,-,1.0,-1.0
Mongolia,2017,-,-,-,2,70.0,24.222,5.994,2.891,15.1,-
Mongolia,2018,"3,163,991","2,165,594","998,397",2,71.0,23.836,5.663,2.923,14.4,2.0
Mongolia,2019,"3,232,430","2,215,604","1,016,826",2,72.0,23.292,5.499,2.937,13.8,2.0
Mongolia,2020,"3,294,335","2,261,792","1,032,543",2,72.0,22.405,5.475,2.9,13.2,2.0
Mongolia,2021,"3,347,782","2,302,772","1,045,010",-,71.0,21.413,6.131,2.837,12.7,2.0
Montenegro,2017,-,-,-,46,76.0,11.9,10.5,1.78,2.8,-
Montenegro,2018,"622,227","415,729","206,498",46,77.0,11.7,10.5,1.76,2.5,0.0
Montenegro,2019,"622,028","417,692","204,336",46,77.0,11.6,10.6,1.77,2.3,0.0
Montenegro,2020,"621,306","419,307","201,999",46,76.0,11.4,11.7,1.75,2.1,0.0
Montenegro,2021,"619,211","419,986","199,225",-,74.0,11.4,14.8,1.75,1.9,0.0
Morocco,2017,-,-,-,80,74.0,19.298,5.642,2.451,18.3,-
Morocco,2018,"35,927,511","22,437,808","13,489,703",81,74.0,18.813,5.637,2.415,17.5,1.0
Morocco,2019,"36,304,408","22,869,599","13,434,809",81,74.0,18.337,5.658,2.382,16.7,1.0
Morocco,2020,"36,688,772","23,309,111","13,379,661",82,74.0,17.889,6.073,2.353,16.1,1.0
Morocco,2021,"37,076,584","23,753,114","13,323,470",-,74.0,17.545,6.17,2.328,15.4,1.0
Mozambique,2017,-,-,-,36,60.0,38.127,8.69,4.922,56.7,-
Mozambique,2018,"29,423,878","10,589,065","18,834,813",37,61.0,37.753,8.337,4.852,55.2,3.0
Mozambique,2019,"30,285,595","11,062,722","19,222,873",39,61.0,37.345,8.04,4.783,53.6,3.0
Mozambique,2020,"31,178,239","11,559,020","19,619,219",40,61.0,36.974,8.004,4.713,52.5,3.0
Mozambique,2021,"32,077,072","12,069,961","20,007,111",-,59.0,36.598,8.793,4.644,51.0,3.0
Myanmar,2017,-,-,-,80,66.0,18.129,8.808,2.234,38.1,-
Myanmar,2018,"52,666,014","16,104,740","36,561,274",81,66.0,17.869,8.622,2.213,37.0,1.0
Myanmar,2019,"53,040,212","16,363,966","36,676,246",81,67.0,17.663,8.692,2.2,35.8,1.0
Myanmar,2020,"53,423,198","16,636,518","36,786,680",82,67.0,17.363,8.819,2.174,34.7,1.0
Myanmar,2021,"53,798,084","16,918,421","36,879,663",-,66.0,17.103,9.769,2.151,33.7,1.0
Namibia,2017,-,-,-,3,62.0,29.503,8.47,3.511,32.0,-
Namibia,2018,"2,405,680","1,203,610","1,202,070",3,63.0,29.008,8.403,3.462,31.5,2.0
Namibia,2019,"2,446,644","1,248,816","1,197,828",3,63.0,28.433,8.248,3.404,30.7,2.0
Namibia,2020,"2,489,098","1,295,152","1,193,946",3,63.0,27.876,8.475,3.349,30.0,2.0
Namibia,2021,"2,530,151","1,341,107","1,189,044",-,59.0,27.439,10.709,3.303,29.4,2.0
Nauru,2017,-,-,-,584,63.0,30.375,6.65,3.731,26.1,-
Nauru,2018,"11,924","11,924",-,596,63.0,29.686,6.566,3.67,25.4,2.0
Nauru,2019,"12,132","12,132",-,607,63.0,29.124,6.48,3.618,24.7,2.0
Nauru,2020,"12,315","12,315",-,616,63.0,28.364,6.602,3.571,23.9,1.0
Nauru,2021,"12,511","12,511",-,-,64.0,27.56,6.633,3.519,23.2,2.0
Nepal,2017,-,-,-,197,69.0,21.376,6.971,2.15,26.6,-
Nepal,2018,"28,506,712","5,627,225","22,879,487",199,69.0,21.026,7.041,2.104,25.5,1.0
Nepal,2019,"28,832,496","5,810,613","23,021,883",201,70.0,20.868,6.871,2.08,24.5,1.0
Nepal,2020,"29,348,627","6,038,773","23,309,854",205,69.0,20.64,7.209,2.055,23.6,2.0
Nepal,2021,"30,034,989","6,309,750","23,725,239",-,68.0,20.402,7.776,2.029,22.8,2.0
Netherlands,2017,-,-,-,509,82.0,9.9,8.8,1.62,3.5,-
Netherlands,2018,"17,231,624","15,765,213","1,466,411",512,82.0,9.8,8.9,1.59,3.5,1.0
Netherlands,2019,"17,344,874","15,935,776","1,409,098",515,82.0,9.8,8.8,1.57,3.5,1.0
Netherlands,2020,"17,441,500","16,087,342","1,354,158",518,81.0,9.7,9.7,1.54,3.5,1.0
Netherlands,2021,"17,533,044","16,230,689","1,302,355",-,81.0,10.2,9.8,1.62,3.5,1.0
New Caledonia,2017,-,-,-,15,78.0,15.0,5.7,2.04,-,-
New Caledonia,2018,"271,170","191,671","79,499",15,80.0,15.0,5.7,2.06,-,0.0
New Caledonia,2019,"271,240","192,862","78,378",15,80.0,15.2,6.0,2.1,-,0.0
New Caledonia,2020,"272,460","194,858","77,602",15,81.0,14.6,5.7,2.04,-,0.0
New Caledonia,2021,"274,660","197,549","77,111",-,79.0,14.3,7.2,2.02,-,1.0
New Zealand,2017,-,-,-,18,82.0,12.38,6.92,1.81,4.3,-
New Zealand,2018,"4,900,600","4,240,881","659,719",19,82.0,11.84,6.78,1.71,4.2,2.0
New Zealand,2019,"4,979,200","4,312,734","666,466",19,82.0,11.96,6.87,1.72,4.1,2.0
New Zealand,2020,"5,090,200","4,413,152","677,048",19,82.0,11.32,6.41,1.61,4.0,2.0
New Zealand,2021,"5,111,400","4,436,133","675,267",-,82.0,11.48,6.83,1.64,3.9,0.0
Nicaragua,2017,-,-,-,54,74.0,22.09,4.619,2.43,14.4,-
Nicaragua,2018,"6,572,233","3,846,202","2,726,031",55,74.0,21.704,4.605,2.404,13.6,1.0
Nicaragua,2019,"6,663,924","3,915,722","2,748,202",55,74.0,21.305,4.626,2.377,12.8,1.0
Nicaragua,2020,"6,755,895","3,986,789","2,769,106",56,72.0,20.903,5.703,2.349,12.1,1.0
Nicaragua,2021,"6,850,540","4,060,795","2,789,745",-,74.0,20.507,4.859,2.321,11.4,1.0
Niger,2017,-,-,-,17,62.0,46.351,8.239,7.084,60.6,-
Niger,2018,"22,577,058","3,708,282","18,868,776",18,62.0,46.127,8.061,7.023,60.4,4.0
Niger,2019,"23,443,393","3,872,145","19,571,248",19,63.0,45.859,7.824,6.961,60.2,4.0
Niger,2020,"24,333,639","4,045,711","20,287,928",19,61.0,45.588,8.281,6.892,59.9,4.0
Niger,2021,"25,252,722","4,230,083","21,022,639",-,62.0,45.293,8.141,6.82,59.5,4.0
Nigeria,2017,-,-,-,212,52.0,38.689,13.435,5.523,77.1,-
Nigeria,2018,"198,387,623","99,876,265","98,511,358",218,53.0,38.248,13.239,5.447,75.5,2.0
Nigeria,2019,"203,304,492","104,004,479","99,300,013",223,53.0,37.849,12.989,5.379,73.9,2.0
Nigeria,2020,"208,327,405","108,242,753","100,084,652",229,53.0,37.467,12.997,5.309,72.3,2.0
Nigeria,2021,"213,401,323","112,560,662","100,840,661",-,53.0,37.117,13.083,5.237,70.6,2.0
North Korea,2017,-,-,-,212,73.0,13.514,8.502,1.857,14.4,-
North Korea,2018,"25,638,149","15,869,758","9,768,391",213,73.0,13.488,8.721,1.845,13.7,0.0
North Korea,2019,"25,755,441","16,002,886","9,752,555",214,73.0,13.487,8.878,1.84,13.1,0.0
North Korea,2020,"25,867,467","16,136,385","9,731,082",215,73.0,13.333,9.078,1.818,11.6,0.0
North Korea,2021,"25,971,909","16,269,323","9,702,586",-,73.0,13.24,9.313,1.809,10.1,0.0
North Macedonia,2017,-,-,-,82,76.0,10.5,9.8,1.43,8.5,-
North Macedonia,2018,"2,076,217","1,203,438","872,779",82,77.0,10.3,9.5,1.42,7.1,0.0
North Macedonia,2019,"2,076,694","1,208,802","867,892",82,77.0,9.6,9.8,1.34,6.0,0.0
North Macedonia,2020,"2,072,531","1,212,058","860,473",82,74.0,9.2,12.4,1.31,5.2,0.0
North Macedonia,2021,"2,065,092","1,213,985","851,107",-,75.0,10.2,15.5,1.6,4.6,0.0
Northern Mariana Islands,2018,"50,304","46,088","4,216",109,-,0.0,0.0,-,-,-1.0
Northern Mariana Islands,2019,"49,858","45,724","4,134",108,-,13.2,4.0,-,-,-1.0
Northern Mariana Islands,2020,"49,587","45,520","4,067",108,-,0.0,0.0,-,-,-1.0
Northern Mariana Islands,2021,"49,481","45,468","4,013",-,-,0.0,0.0,-,-,0.0
Norway,2017,-,-,-,14,83.0,10.7,7.7,1.62,2.1,-
Norway,2018,"5,311,916","4,368,945","942,971",15,83.0,10.4,7.7,1.56,2.0,1.0
Norway,2019,"5,347,896","4,418,218","929,678",15,83.0,10.2,7.6,1.53,1.9,1.0
Norway,2020,"5,379,475","4,463,566","915,909",15,83.0,9.8,7.5,1.48,1.8,1.0
Norway,2021,"5,408,320","4,506,374","901,946",-,83.0,10.4,7.8,1.55,1.8,1.0
Oman,2017,-,-,-,15,78.0,20.282,2.155,2.937,9.4,-
Oman,2018,"4,601,157","3,889,772","711,385",15,78.0,19.816,2.172,2.883,9.3,1.0
Oman,2019,"4,602,768","3,932,743","670,025",15,78.0,19.298,2.205,2.776,9.1,0.0
Oman,2020,"4,543,399","3,919,863","623,536",15,75.0,18.791,3.025,2.687,8.9,-1.0
Oman,2021,"4,520,471","3,934,799","585,672",-,73.0,18.419,3.796,2.623,8.7,-1.0
Pakistan,2017,-,-,-,281,66.0,28.963,6.89,3.759,59.0,-
Pakistan,2018,"219,731,479","80,566,744","139,164,735",285,66.0,28.594,6.843,3.685,57.4,2.0
Pakistan,2019,"223,293,280","82,410,851","140,882,429",290,67.0,28.276,6.765,3.62,55.9,2.0
Pakistan,2020,"227,196,741","84,437,669","142,759,072",295,66.0,27.967,7.06,3.555,54.4,2.0
Pakistan,2021,"231,402,117","86,636,953","144,765,164",-,66.0,27.519,7.168,3.47,52.8,2.0
Palau,2017,-,-,-,39,-,12.4,10.3,0.0,17.2,-
Palau,2018,"17,864","14,279","3,585",39,-,14.0,7.8,0.0,16.6,0.0
Palau,2019,"17,916","14,417","3,499",39,-,11.2,10.2,0.0,16.2,0.0
Palau,2020,"17,972","14,555","3,417",39,-,12.1,8.4,0.85,15.7,0.0
Palau,2021,"18,024","14,686","3,338",-,-,13.4,10.2,0.0,15.1,0.0
Panama,2017,-,-,-,55,78.0,19.317,4.947,2.493,13.7,-
Panama,2018,"4,165,255","2,820,253","1,345,002",56,78.0,18.814,5.013,2.441,13.2,2.0
Panama,2019,"4,232,532","2,880,619","1,351,913",57,78.0,18.228,5.12,2.375,12.8,2.0
Panama,2020,"4,294,396","2,937,968","1,356,428",58,77.0,17.919,5.747,2.344,12.4,1.0
Panama,2021,"4,351,267","2,992,584","1,358,683",-,76.0,17.692,6.067,2.325,11.9,1.0
Papua New Guinea,2017,-,-,-,20,65.0,27.216,6.508,3.432,38.3,-
Papua New Guinea,2018,"9,329,227","1,228,566","8,100,661",21,65.0,26.834,6.532,3.382,37.3,2.0
Papua New Guinea,2019,"9,542,486","1,264,379","8,278,107",21,65.0,26.37,6.468,3.322,36.4,2.0
Papua New Guinea,2020,"9,749,640","1,301,089","8,448,551",22,66.0,25.996,6.402,3.274,35.4,2.0
Papua New Guinea,2021,"9,949,437","1,338,796","8,610,641",-,65.0,25.514,6.683,3.215,34.4,2.0
Paraguay,2017,-,-,-,16,74.0,21.962,5.445,2.591,17.7,-
Paraguay,2018,"6,443,328","3,968,124","2,475,204",16,74.0,21.664,5.569,2.561,17.1,1.0
Paraguay,2019,"6,530,026","4,040,715","2,489,311",16,74.0,21.281,5.636,2.525,16.6,1.0
Paraguay,2020,"6,618,695","4,115,703","2,502,992",17,73.0,20.946,5.916,2.497,16.1,1.0
Paraguay,2021,"6,703,799","4,189,606","2,514,193",-,70.0,20.627,7.638,2.469,15.6,1.0
Peru,2017,-,-,-,25,76.0,18.269,6.173,2.281,12.2,-
Peru,2018,"32,203,944","25,089,127","7,114,817",25,76.0,18.092,6.103,2.26,11.9,2.0
Peru,2019,"32,824,861","25,635,888","7,188,973",26,76.0,18.042,6.006,2.242,11.6,2.0
Peru,2020,"33,304,756","26,076,625","7,228,131",26,74.0,17.833,7.327,2.216,11.3,1.0
Peru,2021,"33,715,471","26,466,645","7,248,826",-,72.0,17.622,7.988,2.192,11.0,1.0
Philippines,2017,-,-,-,358,72.0,22.664,5.665,2.865,22.7,-
Philippines,2018,"108,568,836","50,926,384","57,642,452",364,72.0,22.445,5.631,2.831,22.2,2.0
Philippines,2019,"110,380,804","52,043,445","58,337,359",370,72.0,22.254,5.609,2.805,21.6,2.0
Philippines,2020,"112,190,977","53,187,498","59,003,479",376,72.0,22.039,5.566,2.777,21.0,2.0
Philippines,2021,"113,880,328","54,302,696","59,577,632",-,69.0,21.813,7.311,2.748,20.5,1.0
Poland,2017,-,-,-,124,78.0,10.6,10.6,1.48,4.0,-
Poland,2018,"37,974,750","22,806,875","15,167,875",124,78.0,10.2,10.9,1.46,3.9,0.0
Poland,2019,"37,965,475","22,793,332","15,172,143",124,78.0,9.9,10.8,1.44,3.8,0.0
Poland,2020,"37,899,070","22,755,739","15,143,331",124,77.0,9.4,12.6,1.39,3.7,0.0
Poland,2021,"37,747,124","22,676,585","15,070,539",-,76.0,8.8,13.8,1.33,3.7,0.0
Portugal,2017,-,-,-,112,81.0,8.4,10.7,1.38,3.0,-
Portugal,2018,"10,283,822","6,706,183","3,577,639",112,81.0,8.5,11.0,1.42,2.9,0.0
Portugal,2019,"10,286,263","6,764,658","3,521,605",112,82.0,8.4,10.9,1.43,2.8,0.0
Portugal,2020,"10,297,081","6,827,994","3,469,087",112,81.0,8.2,12.0,1.41,2.7,0.0
Portugal,2021,"10,325,147","6,902,258","3,422,889",-,81.0,7.7,12.1,1.38,2.5,0.0
Puerto Rico,2017,-,-,-,375,79.0,7.3,9.222,1.101,-,-
Puerto Rico,2018,"3,193,354","2,988,277","205,077",360,80.0,6.7,9.063,1.035,-,-4.0
Puerto Rico,2019,"3,193,694","2,988,531","205,163",360,79.0,6.4,9.194,0.982,-,0.0
Puerto Rico,2020,"3,281,557","3,070,914","210,643",370,78.0,6.0,9.6,0.922,-,3.0
Puerto Rico,2021,"3,262,693","3,053,620","209,073",-,80.0,5.9,8.6,0.907,-,-1.0
Qatar,2017,-,-,-,236,81.0,10.228,0.985,1.839,5.9,-
Qatar,2018,"2,766,732","2,742,800","23,932",241,81.0,10.598,0.982,1.848,5.5,2.0
Qatar,2019,"2,807,235","2,784,440","22,795",244,81.0,10.743,0.991,1.834,5.2,1.0
Qatar,2020,"2,760,385","2,739,268","21,117",240,79.0,10.895,1.219,1.816,4.8,-2.0
Qatar,2021,"2,688,235","2,668,826","19,409",-,79.0,9.816,1.311,1.801,4.5,-3.0
Republic Of Congo,2017,-,-,-,16,64.0,33.025,6.924,4.433,35.7,-
Republic Of Congo,2018,"5,441,062","3,640,941","1,800,121",16,64.0,32.337,6.797,4.367,34.8,2.0
Republic Of Congo,2019,"5,570,733","3,753,170","1,817,563",16,63.0,31.676,7.388,4.296,35.9,2.0
Republic Of Congo,2020,"5,702,174","3,867,728","1,834,446",17,64.0,31.155,6.923,4.234,32.9,2.0
Republic Of Congo,2021,"5,835,806","3,984,863","1,850,943",-,64.0,30.691,7.063,4.171,32.0,2.0
Romania,2017,-,-,-,85,75.0,10.8,13.4,1.71,6.6,-
Romania,2018,"19,473,970","10,515,554","8,958,416",85,75.0,10.8,13.6,1.76,6.1,-1.0
Romania,2019,"19,371,648","10,476,962","8,894,686",84,76.0,10.3,13.4,1.77,5.8,-1.0
Romania,2020,"19,265,250","10,440,610","8,824,640",84,74.0,10.3,15.5,1.8,5.5,-1.0
Romania,2021,"19,119,880","10,387,640","8,732,240",-,73.0,9.3,17.5,1.8,5.3,-1.0
Russia,2017,-,-,-,9,72.0,11.5,12.4,1.621,5.6,-
Russia,2018,"144,477,859","107,539,205","36,938,654",9,73.0,10.9,12.5,1.579,5.1,0.0
Russia,2019,"144,406,261","107,708,298","36,697,963",9,73.0,10.1,12.3,1.504,4.7,0.0
Russia,2020,"144,073,139","107,700,434","36,372,705",9,71.0,9.8,14.6,1.505,4.4,0.0
Russia,2021,"143,449,286","107,492,288","35,956,998",-,69.0,9.6,16.7,1.493,4.1,0.0
Rwanda,2017,-,-,-,496,66.0,31.399,6.367,4.027,32.9,-
Rwanda,2018,"12,531,808","2,156,849","10,374,959",508,66.0,31.158,6.227,3.994,32.1,2.0
Rwanda,2019,"12,835,028","2,222,128","10,612,900",520,66.0,30.776,6.137,3.939,31.2,2.0
Rwanda,2020,"13,146,362","2,291,674","10,854,688",533,67.0,30.309,5.998,3.873,30.4,2.0
Rwanda,2021,"13,461,888","2,364,984","11,096,904",-,66.0,29.976,6.28,3.821,29.7,2.0
Samoa,2017,-,-,-,75,73.0,28.579,5.29,4.183,15.6,-
Samoa,2018,"209,701","38,256","171,445",75,73.0,28.222,5.297,4.109,15.3,1.0
Samoa,2019,"211,905","38,262","173,643",76,72.0,27.895,5.5,4.047,15.0,1.0
Samoa,2020,"214,929","38,449","176,480",77,73.0,27.622,5.305,3.997,14.7,1.0
Samoa,2021,"218,764","38,813","179,951",-,73.0,27.254,5.343,3.93,14.4,2.0
San Marino,2018,"34,156","33,209",947,569,-,6.8,7.1,-,1.7,0.0
San Marino,2019,"34,178","33,278",900,570,-,6.7,7.2,-,1.6,0.0
San Marino,2020,"34,007","33,156",851,567,-,6.4,9.9,-,1.6,-1.0
San Marino,2021,"33,745","32,942",803,-,-,6.2,9.1,-,1.5,-1.0
Sao Tome And Principe,2017,-,-,-,217,68.0,30.41,5.863,4.142,15.7,-
Sao Tome And Principe,2018,"211,344","153,865","57,479",220,68.0,29.535,5.879,4.044,14.5,2.0
Sao Tome And Principe,2019,"214,599","157,941","56,658",224,69.0,28.917,5.876,3.964,13.6,2.0
Sao Tome And Principe,2020,"218,641","162,568","56,073",228,68.0,28.435,6.294,3.893,12.8,2.0
Sao Tome And Principe,2021,"223,107","167,493","55,614",-,68.0,28.263,6.387,3.823,12.1,2.0
Saudi Arabia,2017,-,-,-,16,77.0,18.903,2.64,2.584,6.9,-
Saudi Arabia,2018,"35,018,133","29,360,603","5,657,530",16,77.0,18.703,2.655,2.546,6.6,2.0
Saudi Arabia,2019,"35,827,362","30,118,272","5,709,090",17,77.0,18.451,2.656,2.504,6.3,2.0
Saudi Arabia,2020,"35,997,107","30,340,882","5,656,225",17,76.0,18.238,2.913,2.465,6.0,0.0
Saudi Arabia,2021,"35,950,396","30,380,961","5,569,435",-,77.0,17.473,2.864,2.427,5.7,0.0
Senegal,2017,-,-,-,79,68.0,34.224,5.721,4.622,33.0,-
Senegal,2018,"15,574,909","7,350,111","8,224,798",81,68.0,33.955,5.579,4.584,31.9,3.0
Senegal,2019,"16,000,781","7,624,852","8,375,929",83,69.0,33.47,5.409,4.517,30.9,3.0
Senegal,2020,"16,436,120","7,909,390","8,526,730",85,68.0,33.034,5.584,4.454,30.0,3.0
Senegal,2021,"16,876,720","8,202,086","8,674,634",-,67.0,32.573,5.922,4.387,29.1,3.0
Serbia,2017,-,-,-,80,76.0,9.2,14.8,1.49,5.1,-
Serbia,2018,"6,982,604","3,916,682","3,065,922",80,76.0,9.2,14.6,1.49,5.0,-1.0
Serbia,2019,"6,945,235","3,907,389","3,037,846",79,76.0,9.3,14.6,1.52,4.9,-1.0
Serbia,2020,"6,899,126","3,894,281","3,004,845",79,74.0,8.9,16.9,1.48,4.8,-1.0
Serbia,2021,"6,834,326","3,871,714","2,962,612",-,73.0,9.1,20.0,1.48,4.7,-1.0
Seychelles,2017,-,-,-,208,74.0,17.2,7.8,2.41,12.6,-
Seychelles,2018,"96,762","54,855","41,907",210,73.0,17.1,8.4,2.41,12.5,1.0
Seychelles,2019,"97,625","55,762","41,863",212,74.0,16.4,8.1,2.36,12.4,1.0
Seychelles,2020,"98,462","56,661","41,801",214,77.0,15.8,6.8,2.29,12.2,1.0
Seychelles,2021,"99,258","57,542","41,716",-,73.0,16.8,9.3,2.46,12.0,1.0
Sierra Leone,2017,-,-,-,106,59.0,33.568,9.88,4.389,87.6,-
Sierra Leone,2018,"7,861,281","3,306,062","4,555,219",109,60.0,33.099,9.308,4.294,85.2,2.0
Sierra Leone,2019,"8,046,828","3,418,614","4,628,214",111,60.0,32.549,9.065,4.192,82.8,2.0
Sierra Leone,2020,"8,233,970","3,534,267","4,699,703",114,60.0,31.914,9.296,4.08,80.5,2.0
Sierra Leone,2021,"8,420,641","3,652,200","4,768,441",-,60.0,31.36,9.113,3.978,78.3,2.0
Singapore,2017,-,-,-,"7,882",83.0,8.9,5.0,1.16,2.2,-
Singapore,2018,"5,638,676","5,638,676",-,"7,897",83.0,8.8,5.0,1.14,2.1,0.0
Singapore,2019,"5,703,569","5,703,569",-,"7,966",84.0,8.8,5.0,1.14,2.0,1.0
Singapore,2020,"5,685,807","5,685,807",-,"7,919",84.0,8.5,5.2,1.1,1.8,0.0
Singapore,2021,"5,453,566","5,453,566",-,-,83.0,8.6,5.8,1.12,1.7,-4.0
Sint Maarten (Dutch Part),2017,-,-,-,"1,193",75.0,9.0,4.2,1.627,-,-
Sint Maarten (Dutch Part),2018,"40,895","40,895",-,"1,203",75.0,10.1,4.0,1.61,-,1.0
Sint Maarten (Dutch Part),2019,"41,608","41,608",-,"1,224",75.0,9.6,4.7,1.601,-,2.0
Sint Maarten (Dutch Part),2020,"42,310","42,310",-,"1,244",75.0,10.0,5.5,1.591,-,2.0
Sint Maarten (Dutch Part),2021,"42,846","42,846",-,-,74.0,10.5,6.4,1.581,-,1.0
Slovak Republic,2017,-,-,-,113,77.0,10.7,9.9,1.52,5.0,-
Slovak Republic,2018,"5,446,771","2,926,332","2,520,439",113,77.0,10.6,10.0,1.54,4.9,0.0
Slovak Republic,2019,"5,454,147","2,930,459","2,523,688",113,78.0,10.5,9.8,1.57,4.8,0.0
Slovak Republic,2020,"5,458,827","2,934,665","2,524,162",114,77.0,10.4,10.8,1.59,4.7,0.0
Slovak Republic,2021,"5,447,247","2,931,708","2,515,539",-,75.0,10.4,13.5,1.64,4.6,0.0
Slovenia,2017,-,-,-,103,81.0,9.8,9.9,1.62,2.0,-
Slovenia,2018,"2,073,894","1,131,123","942,771",103,81.0,9.4,9.9,1.6,1.9,0.0
Slovenia,2019,"2,088,385","1,144,894","943,491",104,82.0,9.3,9.9,1.61,1.9,1.0
Slovenia,2020,"2,102,419","1,158,811","943,608",104,81.0,8.9,11.4,1.59,1.8,1.0
Slovenia,2021,"2,108,079","1,168,445","939,634",-,81.0,9.0,11.0,1.64,1.8,0.0
Solomon Islands,2017,-,-,-,23,70.0,31.743,5.11,4.218,18.2,-
Solomon Islands,2018,"659,249","156,565","502,684",24,70.0,31.219,5.052,4.157,17.7,2.0
Solomon Islands,2019,"674,993","163,416","511,577",24,70.0,30.762,4.989,4.104,17.1,2.0
Solomon Islands,2020,"691,191","170,517","520,674",25,70.0,30.223,5.082,4.038,16.6,2.0
Solomon Islands,2021,"707,851","177,869","529,982",-,70.0,29.785,5.028,3.983,16.1,2.0
Somalia,2017,-,-,-,24,56.0,45.457,11.891,6.738,79.1,-
Somalia,2018,"15,411,094","6,930,523","8,480,571",25,56.0,44.992,11.444,6.632,77.1,4.0
Somalia,2019,"15,981,300","7,280,121","8,701,179",25,57.0,44.564,11.041,6.531,74.9,4.0
Somalia,2020,"16,537,016","7,630,345","8,906,671",26,56.0,44.007,11.39,6.417,72.9,3.0
Somalia,2021,"17,065,581","7,974,917","9,090,664",-,55.0,43.561,11.596,6.312,71.1,3.0
South Africa,2017,-,-,-,47,65.0,20.643,8.802,2.334,28.3,-
South Africa,2018,"57,339,635","38,047,715","19,291,920",47,66.0,21.137,8.765,2.418,27.8,1.0
South Africa,2019,"58,087,055","38,834,681","19,252,374",48,66.0,21.276,8.614,2.475,27.3,1.0
South Africa,2020,"58,801,927","39,605,450","19,196,477",48,65.0,20.326,9.425,2.401,26.9,1.0
South Africa,2021,"59,392,255","40,295,863","19,096,392",-,62.0,19.821,11.432,2.374,26.4,1.0
South Korea,2017,-,-,-,527,83.0,7.0,5.6,1.052,2.8,-
South Korea,2018,"51,585,058","42,020,672","9,564,386",529,83.0,6.4,5.8,0.977,2.8,0.0
South Korea,2019,"51,764,822","42,152,095","9,612,727",530,83.0,5.9,5.7,0.918,2.7,0.0
South Korea,2020,"51,836,239","42,201,956","9,634,283",531,83.0,5.3,5.9,0.837,2.6,0.0
South Korea,2021,"51,744,876","42,127,573","9,617,303",-,84.0,5.1,6.2,0.808,2.5,0.0
South Sudan,2017,-,-,-,17,55.0,32.651,11.01,4.775,63.8,-
South Sudan,2018,"10,395,329","2,039,044","8,356,285",16,56.0,30.147,10.584,4.696,63.8,-2.0
South Sudan,2019,"10,447,666","2,078,981","8,368,685",17,56.0,29.058,10.531,4.619,63.8,1.0
South Sudan,2020,"10,606,227","2,142,352","8,463,875",17,55.0,29.166,10.759,4.543,63.8,2.0
South Sudan,2021,"10,748,272","2,204,901","8,543,371",-,55.0,29.107,11.05,4.469,63.8,1.0
Spain,2017,-,-,-,93,83.0,8.4,9.1,1.31,2.7,-
Spain,2018,"46,797,754","37,588,424","9,209,330",94,83.0,7.9,9.1,1.26,2.7,0.0
Spain,2019,"47,134,837","37,974,181","9,160,656",94,84.0,7.6,8.8,1.23,2.7,1.0
Spain,2020,"47,365,655","38,276,186","9,089,469",95,82.0,7.2,10.4,1.19,2.6,0.0
Spain,2021,"47,415,750","38,433,310","8,982,440",-,83.0,7.1,9.5,1.19,2.6,0.0
Sri Lanka,2017,-,-,-,347,75.0,15.17,7.029,2.053,6.8,-
Sri Lanka,2018,"21,670,000","4,003,749","17,666,251",350,76.0,14.805,7.037,2.031,6.5,1.0
Sri Lanka,2019,"21,803,000","4,052,088","17,750,912",352,76.0,14.534,7.072,2.019,6.2,1.0
Sri Lanka,2020,"21,919,000","4,101,702","17,817,298",354,76.0,14.235,7.056,2.0,6.0,1.0
Sri Lanka,2021,"22,156,000","4,178,622","17,977,378",-,76.0,14.019,7.36,1.99,5.8,1.0
St. Kitts And Nevis,2017,-,-,-,184,72.0,13.211,9.443,1.61,13.6,-
St. Kitts And Nevis,2018,"47,761","14,699","33,062",184,71.0,12.942,9.83,1.587,13.3,0.0
St. Kitts And Nevis,2019,"47,712","14,695","33,017",184,72.0,12.693,9.91,1.568,13.0,0.0
St. Kitts And Nevis,2020,"47,642","14,694","32,948",183,72.0,12.418,10.036,1.55,12.6,0.0
St. Kitts And Nevis,2021,"47,606","14,713","32,893",-,72.0,12.125,10.181,1.531,12.3,0.0
St. Lucia,2017,-,-,-,290,73.0,12.114,7.968,1.448,20.7,-
St. Lucia,2018,"177,888","33,226","144,662",292,73.0,11.986,7.976,1.436,21.2,0.0
St. Lucia,2019,"178,583","33,491","145,092",293,73.0,11.834,8.068,1.424,21.7,0.0
St. Lucia,2020,"179,237","33,770","145,467",294,73.0,11.667,8.205,1.411,22.1,0.0
St. Lucia,2021,"179,651","34,026","145,625",-,71.0,11.49,10.299,1.399,22.4,0.0
St. Martin (French Part),2017,-,-,-,690,79.0,17.423,4.747,2.518,-,-
St. Martin (French Part),2018,"33,852",-,-,677,81.0,17.022,4.176,2.517,-,-2.0
St. Martin (French Part),2019,"33,121",-,-,662,80.0,16.483,4.661,2.485,-,-2.0
St. Martin (French Part),2020,"32,553",-,-,651,80.0,15.768,4.788,2.448,-,-2.0
St. Martin (French Part),2021,"31,948",-,-,-,80.0,15.053,4.911,2.415,-,-2.0
St. Vincent And The Grenadines,2017,-,-,-,271,74.0,14.269,8.592,1.932,14.3,-
St. Vincent And The Grenadines,2018,"105,281","54,955","50,326",270,74.0,13.708,8.906,1.873,13.9,0.0
St. Vincent And The Grenadines,2019,"104,924","55,205","49,719",269,73.0,13.346,10.1,1.838,13.4,0.0
St. Vincent And The Grenadines,2020,"104,632","55,488","49,144",268,72.0,13.071,11.038,1.814,13.0,0.0
St. Vincent And The Grenadines,2021,"104,332","55,768","48,564",-,70.0,12.901,13.425,1.797,12.6,0.0
Sudan,2017,-,-,-,22,65.0,35.669,6.728,4.761,43.1,-
Sudan,2018,"41,999,059","14,549,314","27,449,745",22,66.0,35.236,6.647,4.681,42.0,3.0
Sudan,2019,"43,232,093","15,103,564","28,128,529",23,66.0,34.823,6.586,4.617,41.0,3.0
Sudan,2020,"44,440,486","15,666,605","28,773,881",24,66.0,34.226,6.67,4.542,39.9,3.0
Sudan,2021,"45,657,202","16,250,768","29,406,434",-,65.0,33.596,6.799,4.457,38.9,3.0
Suriname,2017,-,-,-,4,72.0,18.758,6.672,2.443,17.3,-
Suriname,2018,"593,715","392,208","201,507",4,73.0,18.577,6.753,2.418,16.8,1.0
Suriname,2019,"600,301","396,769","203,532",4,72.0,18.409,7.06,2.394,16.3,1.0
Suriname,2020,"607,065","401,567","205,498",4,73.0,18.279,7.036,2.371,15.8,1.0
Suriname,2021,"612,985","405,913","207,072",-,70.0,18.154,8.667,2.348,15.4,1.0
Sweden,2017,-,-,-,25,82.0,11.5,9.1,1.78,2.3,-
Sweden,2018,"10,175,214","8,896,291","1,278,923",25,83.0,11.4,9.1,1.76,2.2,1.0
Sweden,2019,"10,278,887","9,015,406","1,263,481",25,83.0,11.1,8.6,1.71,2.1,1.0
Sweden,2020,"10,353,442","9,108,648","1,244,794",25,82.0,10.9,9.5,1.67,2.1,1.0
Sweden,2021,"10,415,811","9,190,703","1,225,108",-,83.0,11.0,8.8,1.67,2.0,1.0
Switzerland,2017,-,-,-,214,84.0,10.3,7.9,1.52,3.6,-
Switzerland,2018,"8,514,329","6,283,319","2,231,010",215,84.0,10.3,7.9,1.52,3.6,1.0
Switzerland,2019,"8,575,280","6,332,759","2,242,521",217,84.0,10.0,7.9,1.48,3.5,1.0
Switzerland,2020,"8,638,167","6,384,901","2,253,266",219,83.0,9.9,8.8,1.46,3.4,1.0
Switzerland,2021,"8,703,405","6,440,172","2,263,233",-,84.0,10.3,8.2,1.52,3.4,1.0
Syrian Arab Republic,2017,-,-,-,103,68.0,18.568,6.033,2.939,19.1,-
Syrian Arab Republic,2018,"19,333,463","10,471,390","8,862,073",105,70.0,18.155,5.554,2.886,19.2,2.0
Syrian Arab Republic,2019,"20,098,251","11,018,062","9,080,189",109,72.0,18.883,5.033,2.835,18.8,4.0
Syrian Arab Republic,2020,"20,772,595","11,523,597","9,248,998",113,72.0,19.67,4.99,2.798,18.8,3.0
Syrian Arab Republic,2021,"21,324,367","11,968,088","9,356,279",-,72.0,20.111,5.117,2.747,18.4,3.0
Tajikistan,2017,-,-,-,64,70.0,28.932,5.172,3.29,31.0,-
Tajikistan,2018,"9,128,132","2,476,827","6,651,305",66,70.0,28.688,5.014,3.294,30.2,2.0
Tajikistan,2019,"9,337,003","2,549,842","6,787,161",67,71.0,28.267,4.843,3.281,29.4,2.0
Tajikistan,2020,"9,543,207","2,624,955","6,918,252",69,68.0,27.53,6.121,3.237,28.5,2.0
Tajikistan,2021,"9,750,064","2,703,303","7,046,761",-,72.0,26.749,4.548,3.186,27.6,2.0
Tanzania,2017,-,-,-,64,66.0,38.058,6.402,4.993,38.2,-
Tanzania,2018,"58,090,443","19,620,628","38,469,815",66,67.0,37.525,6.177,4.923,36.8,3.0
Tanzania,2019,"59,872,579","20,656,040","39,216,539",68,67.0,37.113,6.012,4.864,35.9,3.0
Tanzania,2020,"61,704,518","21,736,651","39,967,867",70,66.0,36.651,6.179,4.795,34.9,3.0
Tanzania,2021,"63,588,334","22,862,550","40,725,784",-,66.0,36.21,6.222,4.726,34.1,3.0
Thailand,2017,-,-,-,139,78.0,9.98,6.897,1.41,8.4,-
Thailand,2018,"71,127,802","35,527,626","35,600,176",139,79.0,9.662,7.027,1.378,8.1,0.0
Thailand,2019,"71,307,763","36,147,331","35,160,432",140,79.0,9.377,7.14,1.352,7.7,0.0
Thailand,2020,"71,475,664","36,759,934","34,715,730",140,79.0,9.182,7.264,1.341,7.4,0.0
Thailand,2021,"71,601,103","37,349,283","34,251,820",-,79.0,8.999,7.922,1.331,7.1,0.0
Timor-Leste,2017,-,-,-,84,68.0,26.487,7.163,3.596,48.6,-
Timor-Leste,2018,"1,261,845","385,847","875,998",85,68.0,25.921,7.012,3.452,47.1,1.0
Timor-Leste,2019,"1,280,438","396,257","884,181",86,68.0,25.511,6.888,3.336,45.7,1.0
Timor-Leste,2020,"1,299,995","407,158","892,837",87,68.0,25.258,6.831,3.247,44.3,2.0
Timor-Leste,2021,"1,320,942","418,673","902,269",-,68.0,24.944,7.233,3.149,43.1,2.0
Togo,2017,-,-,-,144,60.0,33.656,8.803,4.503,48.2,-
Togo,2018,"8,046,679","3,355,626","4,691,053",148,60.0,33.186,8.766,4.442,46.8,2.0
Togo,2019,"8,243,094","3,482,542","4,760,552",152,61.0,32.756,8.465,4.385,45.6,2.0
Togo,2020,"8,442,580","3,613,424","4,829,156",155,61.0,32.302,8.417,4.323,44.5,2.0
Togo,2021,"8,644,829","3,748,225","4,896,604",-,62.0,31.856,8.168,4.257,43.4,2.0
Tonga,2017,-,-,-,146,71.0,24.015,6.855,3.407,10.4,-
Tonga,2018,"105,150","24,322","80,828",146,71.0,23.625,6.888,3.349,10.2,0.0
Tonga,2019,"104,951","24,251","80,700",146,71.0,23.424,6.909,3.315,10.1,0.0
Tonga,2020,"105,254","24,313","80,941",146,71.0,23.139,6.946,3.267,9.8,0.0
Tonga,2021,"106,017","24,494","81,523",-,71.0,23.045,6.97,3.237,9.6,1.0
Trinidad And Tobago,2017,-,-,-,288,74.0,12.909,7.386,1.662,16.5,-
Trinidad And Tobago,2018,"1,504,709","800,264","704,445",293,74.0,12.557,7.783,1.651,16.0,2.0
Trinidad And Tobago,2019,"1,519,955","808,418","711,537",296,74.0,12.359,7.701,1.643,15.5,1.0
Trinidad And Tobago,2020,"1,518,147","807,867","710,280",296,74.0,11.946,7.9,1.631,15.0,0.0
Trinidad And Tobago,2021,"1,525,663","812,644","713,019",-,73.0,11.687,9.131,1.626,14.6,0.0
Tunisia,2017,-,-,-,76,76.0,18.399,5.974,2.221,14.7,-
Tunisia,2018,"11,933,041","8,227,235","3,705,806",77,76.0,17.737,6.04,2.174,14.6,1.0
Tunisia,2019,"12,049,314","8,344,632","3,704,682",78,76.0,17.215,6.145,2.148,14.5,1.0
Tunisia,2020,"12,161,723","8,460,667","3,701,056",78,75.0,16.628,6.752,2.114,14.3,1.0
Tunisia,2021,"12,262,946","8,570,328","3,692,618",-,74.0,16.093,7.884,2.086,14.0,1.0
Turkey,2017,-,-,-,107,77.0,17.368,5.129,2.14,9.8,-
Turkey,2018,"82,809,304","62,225,395","20,583,909",108,78.0,16.481,5.065,2.054,9.2,1.0
Turkey,2019,"83,481,684","63,137,198","20,344,486",108,78.0,15.594,5.084,1.967,8.6,1.0
Turkey,2020,"84,135,428","64,031,267","20,104,161",109,76.0,15.033,6.378,1.917,8.1,1.0
Turkey,2021,"84,775,404","64,911,679","19,863,725",-,76.0,14.678,6.398,1.889,7.7,1.0
Turkmenistan,2017,-,-,-,13,69.0,24.648,6.537,2.836,37.2,-
Turkmenistan,2018,"6,065,066","3,129,150","2,935,916",13,69.0,23.845,6.639,2.786,37.2,2.0
Turkmenistan,2019,"6,158,420","3,205,334","2,953,086",13,69.0,23.055,6.583,2.74,36.9,2.0
Turkmenistan,2020,"6,250,438","3,282,480","2,967,958",13,69.0,22.294,6.836,2.701,36.5,1.0
Turkmenistan,2021,"6,341,855","3,361,056","2,980,799",-,69.0,21.592,6.585,2.667,35.8,1.0
Turks And Caicos Islands,2017,-,-,-,42,77.0,13.308,7.328,1.741,4.2,-
Turks And Caicos Islands,2018,"41,487","38,624","2,863",44,76.0,13.13,7.651,1.723,4.1,4.0
Turks And Caicos Islands,2019,"43,080","40,219","2,861",45,75.0,12.849,8.458,1.692,4.0,4.0
Turks And Caicos Islands,2020,"44,276","41,445","2,831",47,75.0,12.685,8.823,1.679,3.9,3.0
Turks And Caicos Islands,2021,"45,114","42,332","2,782",-,75.0,12.476,9.241,1.669,3.8,2.0
Tuvalu,2017,-,-,-,361,64.0,22.999,10.082,3.186,20.6,-
Tuvalu,2018,"10,865","6,778","4,087",362,64.0,23.508,10.107,3.209,20.0,0.0
Tuvalu,2019,"10,956","6,926","4,030",365,64.0,23.619,10.161,3.199,19.3,1.0
Tuvalu,2020,"11,069","7,086","3,983",369,64.0,23.632,10.188,3.188,18.7,1.0
Tuvalu,2021,"11,204","7,259","3,945",-,65.0,23.484,10.159,3.163,18.1,1.0
UAE,2017,-,-,-,128,80.0,10.62,1.202,1.419,6.2,-
UAE,2018,"9,140,169","7,908,257","1,231,912",129,80.0,10.049,1.324,1.356,6.0,1.0
UAE,2019,"9,211,657","7,994,705","1,216,952",130,80.0,9.75,1.471,1.334,5.8,1.0
UAE,2020,"9,287,289","8,084,399","1,202,890",131,79.0,10.62,1.766,1.46,5.6,1.0
UAE,2021,"9,365,145","8,175,678","1,189,467",-,79.0,10.307,1.874,1.46,5.4,1.0
Uganda,2017,-,-,-,200,62.0,38.343,6.169,5.052,36.0,-
Uganda,2018,"41,515,395","9,869,870","31,645,525",207,63.0,38.062,5.939,4.932,34.4,3.0
Uganda,2019,"42,949,080","10,462,825","32,486,255",214,63.0,37.667,5.823,4.809,33.2,3.0
Uganda,2020,"44,404,611","11,080,727","33,323,884",221,63.0,37.252,5.852,4.693,32.1,3.0
Uganda,2021,"45,853,778","11,717,016","34,136,762",-,63.0,36.795,5.877,4.585,31.2,3.0
Ukraine,2017,-,-,-,77,72.0,9.4,14.5,1.374,7.6,-
Ukraine,2018,"44,622,518","30,946,609","13,675,909",77,72.0,8.7,14.8,1.301,7.4,0.0
Ukraine,2019,"44,386,203","30,836,427","13,549,776",77,72.0,8.1,14.7,1.228,7.3,-1.0
Ukraine,2020,"44,132,049","30,719,437","13,412,612",76,71.0,7.8,15.9,1.217,7.1,-1.0
Ukraine,2021,"43,792,855","30,548,582","13,244,273",-,70.0,7.3,18.5,1.16,7.0,-1.0
United Kingdom,2017,-,-,-,273,81.0,11.4,9.2,1.74,3.8,-
United Kingdom,2018,"66,460,344","55,426,598","11,033,746",275,81.0,11.0,9.2,1.68,3.8,1.0
United Kingdom,2019,"66,836,327","55,909,924","10,926,403",276,81.0,10.7,9.0,1.63,3.8,1.0
United Kingdom,2020,"67,081,234","56,283,168","10,798,066",277,80.0,10.1,10.1,1.56,3.7,0.0
United Kingdom,2021,"67,026,300","56,403,972","10,622,328",-,81.0,10.1,9.7,1.56,3.7,0.0
United States,2017,-,-,-,36,79.0,11.8,8.638,1.766,5.7,-
United States,2018,"326,838,199","268,844,029","57,994,170",36,79.0,11.6,8.678,1.73,5.6,1.0
United States,2019,"328,329,953","270,737,596","57,592,357",36,79.0,11.4,8.7,1.706,5.5,0.0
United States,2020,"331,511,512","274,040,676","57,470,836",36,77.0,10.9,10.3,1.642,5.4,1.0
United States,2021,"332,031,554","275,164,510","56,867,044",-,76.0,11.0,10.4,1.664,5.4,0.0
Uruguay,2017,-,-,-,20,78.0,12.579,9.724,1.796,6.8,-
Uruguay,2018,"3,427,042","3,267,136","159,906",20,78.0,11.605,9.863,1.658,6.3,0.0
Uruguay,2019,"3,428,409","3,271,594","156,815",20,78.0,10.822,10.057,1.546,5.8,0.0
Uruguay,2020,"3,429,086","3,275,291","153,795",20,78.0,10.339,9.432,1.477,5.4,0.0
Uruguay,2021,"3,426,260","3,275,607","150,653",-,75.0,10.473,12.162,1.493,5.0,0.0
Uzbekistan,2017,-,-,-,74,71.0,22.1,5.0,2.419,15.2,-
Uzbekistan,2018,"32,956,100","16,635,580","16,320,520",75,71.0,23.3,4.7,2.604,14.4,2.0
Uzbekistan,2019,"33,580,350","16,935,578","16,644,772",76,71.0,24.3,4.6,2.785,13.8,2.0
Uzbekistan,2020,"34,232,050","17,258,430","16,973,620",78,70.0,24.6,5.1,2.904,13.2,2.0
Uzbekistan,2021,"34,915,100","17,606,637","17,308,463",-,71.0,25.9,5.0,3.173,12.6,2.0
Vanuatu,2017,-,-,-,24,70.0,31.484,5.829,3.91,21.9,-
Vanuatu,2018,"297,298","75,139","222,159",24,70.0,30.889,5.739,3.855,21.4,2.0
Vanuatu,2019,"304,404","77,300","227,104",25,70.0,30.4,5.663,3.813,20.9,2.0
Vanuatu,2020,"311,685","79,558","232,127",26,70.0,29.939,5.487,3.778,20.3,2.0
Vanuatu,2021,"319,137","81,907","237,230",-,70.0,29.438,5.395,3.735,19.7,2.0
Venezuela,2017,-,-,-,35,72.0,18.502,6.735,2.294,21.1,-
Venezuela,2018,"29,825,653","26,308,612","3,517,041",34,72.0,17.832,6.864,2.272,21.1,-2.0
Venezuela,2019,"28,971,683","25,564,613","3,407,070",33,72.0,16.888,7.017,2.25,21.1,-3.0
Venezuela,2020,"28,490,453","25,151,087","3,339,366",32,71.0,16.213,7.575,2.23,21.1,-2.0
Venezuela,2021,"28,199,867","24,907,533","3,292,334",-,71.0,15.877,8.124,2.211,21.1,-1.0
Vietnam,2017,-,-,-,300,74.0,16.1,6.577,1.93,17.1,-
Vietnam,2018,"94,914,330","34,092,278","60,822,052",303,74.0,15.873,6.663,1.937,17.0,1.0
Vietnam,2019,"95,776,716","35,081,096","60,695,620",306,74.0,15.663,6.706,1.948,16.8,1.0
Vietnam,2020,"96,648,685","36,088,619","60,560,066",308,75.0,15.4,6.169,1.955,16.6,1.0
Vietnam,2021,"97,468,029","37,088,534","60,379,495",-,74.0,15.008,7.317,1.944,16.4,1.0
Virgin Islands (U.S.),2017,-,-,-,307,79.0,12.8,7.7,2.08,-,-
Virgin Islands (U.S.),2018,"107,001","102,422","4,579",306,80.0,12.6,7.9,2.06,-,0.0
Virgin Islands (U.S.),2019,"106,669","102,223","4,446",305,80.0,12.3,8.2,2.05,-,0.0
Virgin Islands (U.S.),2020,"106,290","101,974","4,316",304,80.0,12.1,8.4,2.03,-,0.0
Virgin Islands (U.S.),2021,"105,870","101,678","4,192",-,80.0,11.8,8.6,2.01,-,0.0
West Bank And Gaza,2017,-,-,-,740,75.0,30.973,3.26,3.807,14.7,-
West Bank And Gaza,2018,"4,569,087","3,479,999","1,089,088",759,75.0,30.126,3.317,3.712,14.1,3.0
West Bank And Gaza,2019,"4,685,306","3,581,448","1,103,858",778,75.0,29.466,3.225,3.642,13.7,3.0
West Bank And Gaza,2020,"4,803,269","3,685,020","1,118,249",798,74.0,28.8,3.489,3.57,13.2,2.0
West Bank And Gaza,2021,"4,922,749","3,790,664","1,132,085",-,73.0,28.236,3.815,3.504,12.8,2.0
Yemen,2017,-,-,-,57,66.0,32.713,6.082,4.112,46.0,-
Yemen,2018,"30,790,513","11,282,260","19,508,253",58,65.0,32.305,6.629,4.043,46.6,2.0
Yemen,2019,"31,546,691","11,758,398","19,788,293",60,65.0,31.778,6.416,3.963,46.5,2.0
Yemen,2020,"32,284,046","12,238,236","20,045,810",61,65.0,31.252,6.509,3.886,45.8,2.0
Yemen,2021,"32,981,641","12,713,103","20,268,538",-,64.0,30.544,6.845,3.795,46.7,2.0
Zambia,2017,-,-,-,23,62.0,36.601,6.809,4.614,44.2,-
Zambia,2018,"17,835,893","7,762,359","10,073,534",24,62.0,36.04,6.748,4.536,43.6,3.0
Zambia,2019,"18,380,477","8,100,644","10,279,833",25,63.0,35.462,6.571,4.451,42.4,3.0
Zambia,2020,"18,927,715","8,447,250","10,480,465",25,62.0,34.953,6.602,4.379,41.1,3.0
Zambia,2021,"19,473,125","8,800,295","10,672,830",-,61.0,34.511,6.973,4.308,40.2,3.0
Zimbabwe,2017,-,-,-,38,61.0,32.516,8.266,3.706,39.5,-
Zimbabwe,2018,"15,052,184","4,848,158","10,204,026",39,61.0,32.074,7.972,3.659,38.0,2.0
Zimbabwe,2019,"15,354,608","4,945,719","10,408,889",40,61.0,31.518,8.043,3.599,37.1,2.0
Zimbabwe,2020,"15,669,666","5,052,214","10,617,452",41,61.0,31.009,8.132,3.545,36.6,2.0
Zimbabwe,2021,"15,993,524","5,166,388","10,827,136",-,59.0,30.537,9.057,3.491,35.7,2.0
